Date,close_x,Actual Close,Predicted Close,open,high,low,close_y,tick_volume,real_volume,sentiment_score,intensity_score,type_token_ratio
2021-10-25,0.9710262805647615,464330.43775204173,593.2708573432802,663.73999,675.880005,657.070007,671.659973,671.659973,3833500,0.8958773229951765,0.4950355154049267,0.9499080168197817
2021-10-26,0.9664842942669966,462159.73113804945,599.4091899758433,673.76001,676.48999,662.77002,668.52002,668.52002,2904800,0.8678988259880348,0.5129332335961025,0.9799720990510464
2021-10-27,0.958383761768269,458288.3119840297,602.164615994448,669.0,671.409973,661.849976,662.919983,662.919983,2276900,0.8805799144921426,0.5598273778698429,0.9650121381886088
2021-10-28,0.9744834709690295,465982.69523904705,602.1214324073761,670.950012,676.799988,668.030029,674.049988,674.049988,2859400,0.874795716473807,0.5206379346721138,0.9681399954319846
2021-10-29,0.9980038047515801,477223.4984123811,604.902900436505,673.059998,690.969971,671.23999,690.309998,690.309998,3825300,0.886105285940757,0.5349806416611181,0.9732054225198852
2021-11-01,0.9847826441509705,470904.85694790416,610.8771931261929,689.059998,689.969971,676.539978,681.169983,681.169983,3110900,0.8799228148186234,0.5492286929366162,0.9619349551414768
2021-11-02,0.9797921531368933,468519.8200464696,612.1002198894381,683.109985,687.679993,673.820007,677.719971,677.719971,3888600,0.8884578766632961,0.5884743217731307,0.9835116172072692
2021-11-03,0.9950818173329116,475827.04714297707,611.7948855571835,677.27002,689.390015,677.27002,688.289978,688.289978,2334900,0.8784983060471981,0.4741104331314405,0.9616056657408264
2021-11-04,0.9663107183606735,462076.77927773155,614.2764584081548,685.890015,685.940002,665.5,668.400024,668.400024,4865000,0.8744517600405206,0.5775738058814542,0.9718473154071532
2021-11-05,0.9335037018357181,446397.65277036844,610.5172612244057,663.969971,665.640015,645.01001,645.719971,645.719971,5283500,0.8811104679044667,0.5218277087289257,0.9441458014165056
2021-11-08,0.941792286953913,450358.9459351379,602.0120724454592,650.289978,656.0,643.789978,651.450012,651.450012,2887500,0.889592231952572,0.4829875136659186,0.9586219564748976
2021-11-09,0.948359429158957,453497.50021608116,598.2768569865917,653.700012,660.5,650.52002,655.98999,655.98999,2415600,0.8918315487286257,0.5551771817955143,0.9598870220844608
2021-11-10,0.9352250565115088,447220.33468176314,597.4016888512673,653.01001,660.330017,642.109985,646.909973,646.909973,2405800,0.8839829806366817,0.472914890315201,0.9712889869752614
2021-11-11,0.9506594256388649,454596.7263101566,594.5935607259213,650.23999,665.820007,649.710022,657.580017,657.580017,2868300,0.8777453215809052,0.5385689322564134,0.9609121142015878
2021-11-12,0.9868656273525517,471900.36473036645,595.8490163851833,660.01001,683.340027,653.820007,682.609985,682.609985,4198400,0.8752790874316002,0.524330130233807,0.9446930611146298
2021-11-15,0.9821211073826325,469632.86195519275,603.4708370919471,681.23999,685.26001,671.48999,679.330017,679.330017,2872200,0.9001398985521379,0.5549993286917161,0.9576633072154964
2021-11-16,0.9937944863207463,475211.8018548087,607.3597910654762,678.27002,688.359985,676.900024,687.400024,687.400024,2077400,0.8900412183927414,0.559399994245929,0.9670709700719312
2021-11-17,1.0,478177.53026468446,611.7377744391667,690.0,700.98999,686.090027,691.690002,691.690002,2732800,0.888995128996381,0.5450405235778387,0.9721554719579728
2021-11-18,0.9860122346596799,471492.4990929928,615.364907313216,691.609985,691.73999,679.73999,682.02002,682.02002,2012900,0.8853428174198468,0.5583997106524294,0.9730710232811074
2021-11-19,0.9813544129590477,469266.4437617624,614.9013018378859,692.349976,694.159973,675.0,678.799988,678.799988,2613700,0.8941107527149948,0.483231886559741,0.9477201409813472
2021-11-22,0.9530027712534164,455716.6333968798,613.624542825078,676.02002,679.47998,656.469971,659.200012,659.200012,2764400,0.8861958579324569,0.4743596611844259,0.9474320945932124
2021-11-23,0.9455676685119676,452163.26284191554,607.5431564876803,658.179993,666.429993,646.049988,654.059998,654.059998,2320200,0.8807853839849096,0.6040425325055407,0.9719505464287678
2021-11-24,0.9516863942380598,455087.5153216322,602.3819761297574,658.01001,661.440002,651.099976,658.289978,658.289978,1867300,0.8947296824794707,0.5377227304984944,0.9675192284567284
2021-11-26,0.9623183264173202,460168.71557312505,600.4410634371549,675.0,676.409973,660.669983,665.640015,665.640015,2872500,0.8815808061731979,0.5052207128851355,0.919416218157637
2021-11-29,0.9597146183897983,458924.35220970906,601.4243965687233,663.200012,667.98999,658.289978,663.840027,663.840027,2529400,0.892308954608363,0.4844755164278727,0.969132541005606
2021-11-30,0.9279780946268879,443756.8666237643,601.6927281708341,668.200012,675.380005,640.01001,641.900024,641.900024,5608900,0.8979817285293443,0.5745874962633625,0.9710768179817866
2021-12-01,0.8930737035315389,427075.3671559387,595.9069516174571,649.47998,654.52002,617.070007,617.77002,617.77002,3882800,0.8785342555545644,0.5555802158598637,0.9779713044638144
2021-12-02,0.8911931643182376,426176.6270484421,585.4968639389434,617.099976,625.359985,612.880005,616.469971,616.469971,3331100,0.889707582116517,0.5008498918390166,0.9577097496215145
2021-12-03,0.870450201260378,416263.1675850576,578.5839463161345,622.75,625.5,594.0,602.130005,602.130005,4829300,0.8922980564281434,0.5707404315083534,0.9550383863168976
2021-12-06,0.8857253858502235,423563.47253113333,570.377457749673,606.01001,617.289978,601.0,612.690002,612.690002,3075700,0.8802995552242471,0.5688819840036826,0.9657561305223844
2021-12-07,0.9043709743376896,432474.5590340554,568.4765145985397,619.830017,628.890015,611.400024,625.580017,625.580017,3125200,0.8888004071482918,0.5703113629363362,0.9578767973664168
2021-12-08,0.907987259595594,434202.84623094683,571.3161650942196,630.0,632.460022,623.200012,628.080017,628.080017,2220300,0.872198158773823,0.5544844131068886,0.9721022253262072
2021-12-09,0.883280774122852,422395.1388776035,574.0885678665205,627.580017,630.23999,610.440002,611.0,611.0,2376300,0.8798304588624858,0.5494389780769895,0.9804133847271104
2021-12-10,0.8842354343750579,422851.4025955678,571.016558356052,616.780029,617.73999,605.880005,611.659973,611.659973,2748800,0.8802345983253297,0.4948267305368548,0.9430278247240804
2021-12-13,0.8739652204054622,417943.0567013584,569.0920043314528,612.0,612.640015,599.52002,604.559998,604.559998,2517900,0.8798460273602873,0.5900399532669364,0.9608851801643564
2021-12-14,0.864461611175577,413401.10051436356,565.828141021932,598.710022,602.289978,588.130005,597.98999,597.98999,2984500,0.8832895059598055,0.4744788969445883,0.967772782839319
2021-12-15,0.8746595182446978,418274.89262884576,561.8938607642626,598.179993,605.690002,584.51001,605.039978,605.039978,2866200,0.887575809301757,0.5145605396770596,0.9433829132704076
2021-12-16,0.8544372800127789,408610.288746415,561.5028597549829,597.090027,602.830017,588.0,591.059998,591.059998,3143200,0.8966596786018028,0.5297242029505106,0.9591931792440842
2021-12-17,0.8481738479088348,405616.87173481233,557.3729759783914,591.609985,593.25,581.73999,586.72998,586.72998,4386900,0.8818867774418354,0.5287991253812072,0.974342105263158
2021-12-20,0.8583139262371395,410463.0037337834,553.4815908678039,586.429993,602.880005,584.26001,593.73999,593.73999,3358400,0.876022054319323,0.4921131700678229,0.951430447441014
2021-12-21,0.8744859437848889,418191.94076852786,553.1302297542906,597.539978,607.820007,593.859985,604.919983,604.919983,2319400,0.8932647436252078,0.5390485643592842,0.9636751164023604
2021-12-22,0.8879674653519549,424635.01002348174,556.3729133274039,603.359985,614.820007,602.630005,614.23999,614.23999,2335700,0.8921084723252969,0.5134971325546157,0.9534324390206744
2021-12-23,0.8877505417575025,424531.3486843001,561.2982321849456,616.400024,616.880005,607.570007,614.090027,614.090027,1621100,0.8679746855392004,0.5075407100523621,0.9578407733570776
2021-12-27,0.8863473767889843,423860.7261926778,564.4024233571538,615.0,615.0,609.25,613.119995,613.119995,2061500,0.8920005234936073,0.5407040998747993,0.9815119141797908
2021-12-28,0.8828613168562452,422194.68137724046,565.944547160747,614.950012,618.409973,609.690002,610.710022,610.710022,1882800,0.8695115798410938,0.5226710397606307,0.9681818538895745
2021-12-29,0.8826153458120873,422077.1187647639,566.0614889738291,610.710022,613.97998,604.679993,610.539978,610.539978,1287200,0.8870060571030817,0.5735520976328848,0.950329569524616
2021-12-30,0.8848575135511789,423148.71322954376,565.9604937716218,612.98999,620.609985,611.23999,612.090027,612.090027,1625100,0.8648957439438336,0.5541869086664529,0.9745144434585428
2021-12-31,0.8708986162928158,416477.4693862841,566.2876671316894,610.01001,614.080017,602.049988,602.440002,602.440002,1995900,0.8818492282954636,0.3965130329708269,0.9609365995201908
2022-01-03,0.8635647796641871,412972.49691191054,563.7136698667847,605.609985,609.98999,590.559998,597.369995,597.369995,3067500,0.8805360012612972,0.5239806236986743,0.951650496460438
2022-01-04,0.8545675038914302,408672.5311278692,560.5464751596214,599.909973,600.409973,581.599976,591.150024,591.150024,4393100,0.8845434594582162,0.5660702741307122,0.9581058441735102
2022-01-05,0.8203863698476622,392336.6834021788,556.7240272066401,592.0,592.840027,566.880005,567.52002,567.52002,4148700,0.872819429220758,0.4915027381872675,0.9771987319301898
2022-01-06,0.7998024134060785,382499.22516246466,547.3608118689169,554.340027,563.359985,542.01001,553.289978,553.289978,5711800,0.8928341000264782,0.5328138229225748,0.9753339822857928
2022-01-07,0.7821115748546925,374044.4308637227,537.019455319445,549.460022,553.429993,538.219971,541.059998,541.059998,3382900,0.8901178300375889,0.5031542771055977,0.9647955653971696
2022-01-10,0.7803612609665567,373207.90465146455,526.7344269794457,538.48999,543.690002,526.320007,539.849976,539.849976,4486100,0.8880695941032773,0.5116318545370849,0.943243411000764
2022-01-11,0.781793383700906,373892.34295773465,519.9754951055755,536.98999,543.909973,530.070007,540.840027,540.840027,3077800,0.8754962421920184,0.4696341980132762,0.9763435090479624
2022-01-12,0.7765569216426708,371389.7434438235,516.3449833630722,544.27002,544.27002,532.02002,537.219971,537.219971,3787400,0.8807219683896741,0.5360054143068126,0.9758198151055294
2022-01-13,0.7504907968107748,358932.2370225846,513.3076278571145,537.059998,540.789978,518.26001,519.200012,519.200012,4475100,0.8922110780316936,0.5999407543800201,0.9633338419392696
2022-01-14,0.7598786588751534,363418.87297855696,505.9819938143515,517.599976,538.369995,511.880005,525.690002,525.690002,7861100,0.8877505282596277,0.5254489773737141,0.9801580621025066
2022-01-18,0.7383400436278778,353125.1510208786,503.23377879549645,520.080017,521.75,508.679993,510.799988,510.799988,4839100,0.8945083099821839,0.503897807698947,0.953040755713225
2022-01-19,0.7456594006503339,356623.2298310362,497.0843206204625,515.0,523.210022,510.51001,515.859985,515.859985,4353500,0.8795794588291772,0.4976239071496025,0.9721828609986504
2022-01-20,0.7346514500229846,351362.3100442599,494.73407037635974,517.75,526.640015,506.929993,508.25,508.25,12659000,0.8881587593237302,0.558768554558802,0.9638193881425506
2022-01-21,0.5744500130978235,274798.93939189095,491.0996440911352,400.429993,409.149994,379.98999,397.5,397.5,58904300,0.8834969175533192,0.538864323431905,0.9811299317297768
2022-01-24,0.559478583451015,267643.8002013716,452.43916691360494,383.910004,387.26001,351.459991,387.149994,387.149994,32346000,0.8881811513329245,0.5586319285179979,0.9638801353874884
2022-01-25,0.5294923735762403,253312.81234146917,421.0952585220098,379.140015,387.709991,365.130005,366.420013,366.420013,15145800,0.8785963425088151,0.6384872104706387,0.9812469474969474
2022-01-26,0.5197717973564795,248667.16632907695,393.05081517584193,378.269989,382.660004,356.619995,359.700012,359.700012,12684000,0.902970311226323,0.5904343112225583,0.974747239616068
2022-01-27,0.5588276781418461,267332.7307251794,372.7092441736235,382.059998,394.799988,378.100006,386.700012,386.700012,24324700,0.8916493820771175,0.5633350595546349,0.9897008547008548
2022-01-28,0.5554427960845668,265715.02701790136,369.82752264511873,386.76001,387.0,372.079987,384.359985,384.359985,11966600,0.9004192380325562,0.5580435062568672,0.9613990332975296
2022-01-31,0.6173247128132485,295289.5871460663,369.47661479444673,401.970001,427.700012,398.200012,427.140015,427.140015,20047500,0.8790840018373425,0.5411678762724628,0.9611938253562294
2022-02-01,0.6607056563019277,316022.1968169794,385.27175346882393,432.959991,458.480011,425.540009,457.130005,457.130005,22568100,0.8881583668102216,0.5889474757936696,0.9763156295576082
2022-02-02,0.6207095500285906,296907.2623671286,407.92076197948893,448.25,451.980011,426.480011,429.480011,429.480011,14346000,0.8895889973220851,0.4897468407173937,0.9851539638611272
2022-02-03,0.586166786012518,280398.61725658644,415.1174633467292,421.440002,429.26001,404.279999,405.600006,405.600006,9905200,0.8762868663642718,0.522108219690431,0.984502566630566
2022-02-04,0.5927773655895658,283557.9379888249,410.80429655935933,407.309998,412.769989,396.640015,410.170013,410.170013,7789800,0.8862417334212349,0.5481136237221167,0.9408412015278446
2022-02-07,0.581103986651452,277978.9980892089,407.89216521476766,410.170013,412.350006,393.549988,402.100006,402.100006,8232900,0.8848717420710606,0.4646613729213418,0.9487299382222152
2022-02-08,0.5831724916933745,278967.5837212394,402.71920002296827,398.179993,406.609985,395.829987,403.529999,403.529999,6818500,0.8826023818903859,0.5695353326114589,0.9554947000391144
2022-02-09,0.596711886843194,285438.31309170445,399.42467966308345,408.649994,412.980011,398.790009,412.890015,412.890015,7738200,0.8866056961163925,0.5176903835934512,0.9413151272329928
2022-02-10,0.5871359258708967,280861.7746387667,400.4956161401813,402.100006,408.0,396.359985,406.269989,406.269989,8452900,0.8737944647106766,0.5505251696344394,0.9729508301296228
2022-02-11,0.5654960879062242,270519.68308671337,399.4287178229432,405.329987,411.609985,387.649994,391.309998,391.309998,7558900,0.8990726644735012,0.52947438253741,0.9584731535992692
2022-02-14,0.5731047651074818,274156.0055019956,393.62876650434424,387.589996,409.359985,386.890015,396.570007,396.570007,7202200,0.8879468782249166,0.570716162637447,0.966312665417044
2022-02-15,0.5888572805466873,281684.45655016135,391.16359352708923,403.790009,409.160004,401.01001,407.459991,407.459991,5392300,0.8949293123308607,0.5254942872081998,0.9798227986846912
2022-02-16,0.575288972472974,275199.8828788328,393.44581313926864,401.529999,401.559998,390.380005,398.079987,398.079987,5277700,0.885188024810873,0.5215609008891032,0.9536603058856832
2022-02-17,0.5587842841652653,267311.99276009994,392.3495763544779,394.23999,399.109985,385.700012,386.670013,386.670013,4669200,0.8839729237608204,0.5102203809195006,0.9573373791671006
2022-02-18,0.5654671735358161,270505.86727206566,387.65064168336085,392.529999,402.869995,389.049988,391.290009,391.290009,6801700,0.9012927597146329,0.4620710819571513,0.9656094382197324
2022-02-22,0.54534615657478,260889.63298400983,385.75822811478844,388.950012,392.420013,373.019989,377.380005,377.380005,6697500,0.8752725094362697,0.5421972584064765,0.9709099156030104
2022-02-23,0.5309967164202183,254031.77594125067,379.90450334091383,382.720001,386.0,366.660004,367.459991,367.459991,4614300,0.9021635975382968,0.529798516661064,0.9736317288948868
2022-02-24,0.5636445513006912,269634.7872800803,372.33967013502826,355.089996,390.730011,354.720001,390.029999,390.029999,7068700,0.8888772355651183,0.5397409456664274,0.9849238480817428
2022-02-25,0.5647583512484706,270167.1091941465,374.886966098003,386.609985,391.290009,375.579987,390.799988,390.799988,4841600,0.8790346107396013,0.5346427041576359,0.948729337413978
2022-02-28,0.5701393851587464,272738.8162675121,377.8532005435731,387.329987,397.75,382.130005,394.519989,394.519989,5035000,0.8793490295058181,0.5503944040408589,0.9760530222234356
2022-03-01,0.5581622498310813,267014.7106123397,381.59381395082465,391.600006,395.0,383.709991,386.23999,386.23999,3290400,0.8908455924248029,0.5099190029887322,0.9852014335145822
2022-03-02,0.549179410269074,262721.63849251444,381.5083533023637,388.929993,389.220001,375.209991,380.029999,380.029999,5356800,0.882044307465653,0.5387647337414297,0.9599397953928794
2022-03-03,0.5318791131673726,254453.48587948774,379.0269864799567,386.0,386.119995,364.649994,368.070007,368.070007,6076800,0.9030912849049236,0.5173949992696756,0.9767386865053104
2022-03-04,0.5227082195393836,250070.53974891274,372.8927744186791,368.0,374.820007,357.170013,361.730011,361.730011,5325500,0.8839985019229273,0.5668246823088874,0.949176315534377
2022-03-07,0.5061167013296046,242141.11672758943,366.13277119627463,360.410004,362.0,350.200012,350.26001,350.26001,5708400,0.8920061855211526,0.5523332757926233,0.9569940193747954
2022-03-08,0.49382133145273,236264.92316642898,357.4478843035682,349.799988,358.859985,340.670013,341.76001,341.76001,6428700,0.8855919329961423,0.532596812244663,0.9751386440357028
2022-03-09,0.51845546518306,248038.04825382933,348.507686814013,357.690002,364.140015,350.51001,358.790009,358.790009,6520200,0.8887717344042865,0.5945705545006426,0.9515984807103228
2022-03-10,0.5155334777643913,246641.5969844253,348.4769885579361,356.200012,367.019989,353.299988,356.769989,356.769989,4807800,0.9014289797279768,0.5638414178030957,0.9724192200343516
2022-03-11,0.4917383468046347,235269.42962707466,348.82633059151965,361.190002,363.359985,340.0,340.320007,340.320007,4819900,0.8780486542449751,0.5636033183132239,0.966928760894278
2022-03-14,0.4782713048437414,228833.26827944466,343.935912972766,338.720001,341.320007,329.820007,331.01001,331.01001,5907800,0.8900770779222067,0.5406579917196178,0.9590139504077492
2022-03-15,0.49669988005288074,237640.63647075355,337.1521546569008,335.100006,345.359985,332.359985,343.75,343.75,5460600,0.8823122622439826,0.6345717372819046,0.967524640157074
2022-03-16,0.5166328429479351,247166.99674805976,336.804440248975,348.200012,359.98999,343.059998,357.529999,357.529999,6982500,0.8931230252867987,0.5787552505897923,0.9708973382783368
2022-03-17,0.5366959863262177,256755.54243438857,342.0434581984808,359.700012,373.309998,354.880005,371.399994,371.399994,5818300,0.8892055705460606,0.4987858910178951,0.9468830211144562
2022-03-18,0.5500039334334749,263115.68831524026,351.29562414006017,372.0,381.799988,368.470001,380.600006,380.600006,8324800,0.8766601511277218,0.4954481811032821,0.9734066501094366
2022-03-21,0.5413103692083319,258960.85980053956,361.45336803305077,378.019989,381.820007,368.940002,374.589996,374.589996,4866500,0.8931553320550084,0.5789345962268305,0.9837256183938108
2022-03-22,0.5533598562784088,264719.5477216549,366.52624454832574,371.140015,386.660004,366.76001,382.920013,382.920013,4242800,0.8872656543160478,0.5882267738908036,0.9688327054959914
2022-03-23,0.541165709118931,258891.7237548694,372.21873136779925,379.769989,382.459991,374.48999,374.48999,374.48999,3729000,0.8837562807462133,0.5274959975359037,0.9809474243417876
2022-03-24,0.5429304577713026,259735.14363134353,372.8322020207824,379.76001,379.76001,368.899994,375.709991,375.709991,3888500,0.8970703802296921,0.4794670086228864,0.9677412591830992
2022-03-25,0.5402399632371333,258449.30433776858,372.9071964181783,377.070007,377.640015,366.429993,373.850006,373.850006,3574500,0.8789079723545067,0.5346849831739827,0.9678084493599324
2022-03-28,0.5469807247439233,261670.83896524552,371.87210891126415,375.230011,380.279999,366.730011,378.51001,378.51001,4323400,0.8953248849212445,0.5307159502848265,0.9682109685979656
2022-03-29,0.5662338231174635,270872.25697928027,372.4499366226279,384.390015,396.5,380.329987,391.820007,391.820007,5880700,0.8818846032589558,0.5496416492446183,0.988968364115156
2022-03-30,0.5512623934706551,263717.1177887609,377.39165535388577,389.549988,392.700012,378.630005,381.470001,381.470001,4023300,0.891103888370533,0.538546218818235,0.9621899928055214
2022-03-31,0.5413103692083319,258960.85980053956,377.55046217122845,383.589996,384.0,373.609985,374.589996,374.589996,4134700,0.8885606549205846,0.5774675005643416,0.9638027633502748
2022-04-01,0.5396902806453613,258186.5759697356,374.9293667765306,376.799988,380.869995,368.5,373.470001,373.470001,4644200,0.8936806842535189,0.6183324702226826,0.9687885643767996
2022-04-04,0.5657709284788531,270651.033027622,372.3273084211718,373.549988,396.019989,373.130005,391.5,391.5,7001800,0.8839710706203563,0.5362851717590195,0.9914529914529916
2022-04-05,0.5493529847288828,262804.59035283234,376.600052404231,389.299988,390.0,377.309998,380.149994,380.149994,4234500,0.8867482780739055,0.5361035988517432,0.9674052028218696
2022-04-06,0.5322841356697438,254647.04971563476,376.18441037866404,374.149994,376.470001,362.730011,368.350006,368.350006,4354900,0.879050660952899,0.5185643035996355,0.9762347867186576
2022-04-07,0.5233157308719718,250360.87126002545,371.6209188857009,365.0,368.540009,353.690002,362.149994,362.149994,4948900,0.8754806921133494,0.597081777462818,0.981863148527306
2022-04-08,0.5142461033568029,246026.32321004118,365.9064282155629,361.959991,362.5,354.869995,355.880005,355.880005,4025200,0.8819807685568075,0.6026166637896311,0.9645948016887914
2022-04-11,0.502847564991318,240578.73325133382,359.62824339357036,350.0,354.779999,345.200012,348.0,348.0,3777100,0.8946388959238061,0.539461205840169,0.9719309708688796
2022-04-12,0.497206168668072,237882.61263059918,352.5948814720868,355.910004,359.410004,342.25,344.100006,344.100006,3824300,0.8915903973839852,0.5493014756215885,0.9622867889655548
2022-04-13,0.5063625841364023,242258.62236763458,346.50649016350377,343.920013,352.0,341.160004,350.429993,350.429993,3231000,0.8888549646613884,0.5451730536854825,0.9754010422949084
2022-04-14,0.4929100203351675,235829.3974135442,344.82933523888516,350.950012,352.0,339.859985,341.130005,341.130005,4343800,0.8917535395488383,0.4503861481998514,0.9729704500498452
2022-04-18,0.4881798902875466,233568.77405947866,341.1313903472948,340.0,342.359985,331.619995,337.859985,337.859985,5105000,0.8949024593931802,0.5310304262487933,0.9375906643127072
2022-04-19,0.5037299168965351,241000.44318957085,337.66786475613577,333.220001,351.679993,333.220001,348.609985,348.609985,20906900,0.8880179996644673,0.5605774706294359,0.9666010608254656
2022-04-20,0.32664768497821645,156369.405910754,339.2471355098677,245.199997,248.699997,212.509995,226.190002,226.190002,133387500,0.8732431399692234,0.4489396369882911,0.9753819027679048
2022-04-21,0.31511896612950335,150859.6020568082,297.8891675460067,220.0,227.679993,211.520004,218.220001,218.220001,53501600,0.8870818376429926,0.4771275677541861,0.9574349957906888
2022-04-22,0.31121338239050905,148993.04276857636,262.8952571097279,220.179993,226.270004,210.050003,215.520004,215.520004,37515100,0.8847893750684052,0.4701225190896633,0.9751137428697342
2022-04-25,0.30309843827177174,145114.75843655638,237.46492478992894,213.809998,216.660004,204.509995,209.910004,209.910004,28152000,0.8720959214993493,0.4725485386173876,0.988604674862654
2022-04-26,0.28644904647923924,137157.6895428297,219.48864411700532,208.800003,209.149994,198.279999,198.399994,198.399994,20318100,0.8806013493873642,0.5476749800483842,0.9577604478499618
2022-04-27,0.27218641597555054,130341.30843022949,205.15962530886054,194.009995,200.190002,187.770004,188.539993,188.539993,22298400,0.8979902060727463,0.5049864779331378,0.9695241142299966
2022-04-28,0.2880691567399214,137931.97337363366,193.76527737023903,191.559998,201.479996,185.600006,199.520004,199.520004,21363200,0.8875820997214426,0.5278523191521638,0.969296181427479
2022-04-29,0.2748190832154177,131599.50185140106,191.33974428875044,198.679993,204.710007,190.0,190.360001,190.360001,16391900,0.8851423721350399,0.5156449080581654,0.9481071494254268
2022-05-02,0.287982370233274,137890.4974434747,188.76547918671218,191.710007,200.210007,190.009995,199.460007,199.460007,14591600,0.8926929266350342,0.5755935324241901,0.9651127819548873
2022-05-03,0.2885754236574011,138173.92104726352,191.42891345136835,198.289993,203.199997,194.770004,199.869995,199.869995,11839400,0.8923112729035362,0.5024372600757894,0.9677759042213376
2022-05-04,0.29456399204449063,141035.9738748497,194.87540048026187,197.649994,204.380005,191.009995,204.009995,204.009995,12218800,0.8841157263351814,0.5101306174118189,0.9622488132094944
2022-05-05,0.2718682031240524,130189.2205242414,199.58521345957263,200.449997,200.710007,186.0,188.320007,188.320007,13971300,0.8852646028376479,0.517641707698673,0.9711513278373604
2022-05-06,0.26123631578672907,125108.03451585652,198.16470831747054,186.75,187.210007,175.809998,180.970001,180.970001,17185500,0.8890320493011407,0.5814440800199475,0.957215354090354
2022-05-09,0.2498522570274168,119667.37382913484,194.22966575411334,177.660004,183.199997,172.300003,173.100006,173.100006,14031300,0.8767921313844813,0.5341418868664395,0.95760767010767
2022-05-10,0.25644835844480607,122819.77953249552,188.3120515224573,176.009995,181.869995,170.570007,177.660004,177.660004,13883900,0.882336388738788,0.5792479429196156,0.9637304608787324
2022-05-11,0.24011720120148325,115014.8056663109,185.32952021745308,176.089996,180.919998,165.550003,166.369995,166.369995,12665500,0.8760296658298207,0.4985677366736966,0.9658275796383212
2022-05-12,0.2516025275201297,120503.8644336233,179.69624600735202,163.960007,177.580002,162.710007,174.309998,174.309998,17662100,0.892396872705616,0.5062924876492976,0.9819123702112424
2022-05-13,0.27088456196178956,129719.12674852152,178.37172957334533,177.160004,187.770004,176.009995,187.639999,187.639999,13136300,0.8713115726996427,0.4889042330782362,0.9653580862220568
2022-05-16,0.26924999523916043,128937.93501039369,182.48758280470966,193.300003,195.889999,185.699997,186.509995,186.509995,16145000,0.8996609476755023,0.5324377291051066,0.962723632702917
2022-05-17,0.27510838169650775,131737.75969963355,185.98011721771852,189.169998,191.399994,185.169998,190.559998,190.559998,9876700,0.889170005772673,0.495605807775668,0.9676468298207428
2022-05-18,0.2557684939232919,122494.86575543985,190.19723348842368,186.720001,187.699997,176.270004,177.190002,177.190002,9665600,0.8787799305879596,0.4606313654410495,0.9843097326649958
2022-05-19,0.2648670589530945,126843.24386317973,188.8773114914003,178.050003,186.300003,175.710007,183.479996,183.479996,10448500,0.8884306909505295,0.5317852898166833,0.9637044384508888
2022-05-20,0.2690185688943097,128827.32303456456,189.46822201659543,185.869995,190.190002,179.770004,186.350006,186.350006,10429400,0.8863472089636381,0.4772474442334618,0.9556461886425122
2022-05-23,0.27059526348069957,129580.85465718115,190.74496042654692,186.149994,187.660004,177.889999,187.440002,187.440002,9602000,0.8971797386869111,0.5911431147060355,0.9698729424293336
2022-05-24,0.2603250046691667,124672.50876297172,192.03076409332647,182.0,184.0,177.169998,180.339996,180.339996,7706400,0.887771144366021,0.58358336141868,0.9737481050886848
2022-05-25,0.27115940398093263,129850.47668943014,190.52148124287856,180.279999,188.869995,180.169998,187.830002,187.830002,8522100,0.8756652596736405,0.5375027832191276,0.9808622759137632
2022-05-26,0.27632344775710715,132318.46545118256,191.63150133861927,186.490005,192.339996,183.089996,191.399994,191.399994,8049900,0.8923775378352332,0.5469710296225055,0.9607644339787196
2022-05-27,0.2818057477802029,134938.57060513887,193.73538262556283,193.190002,195.25,190.369995,195.190002,195.190002,8586000,0.880060659931598,0.5275852904024836,0.9655889628578704
2022-05-31,0.2850604045123168,136494.03193096278,196.65653802126974,196.179993,199.949997,190.800003,197.440002,197.440002,11398500,0.8778334869860777,0.5464667388541029,0.973422649332092
2022-06-01,0.2785076985180224,133362.37131423553,199.60023294190825,198.699997,202.740005,191.660004,192.910004,192.910004,8416200,0.8789972389594697,0.4797692094429536,0.971682455713908
2022-06-02,0.29612622872241945,141782.59759014242,200.13891522605985,192.020004,205.470001,191.720001,205.089996,205.089996,9623100,0.890660446419354,0.4660191822556563,0.9674763832658568
2022-06-03,0.28728802755210125,137558.6615159873,204.29115310187504,200.139999,202.949997,198.050003,198.979996,198.979996,7191800,0.8766196503985338,0.5461540428742224,0.9655992155992156
2022-06-06,0.28462644594182596,136286.63803706013,205.32920742011473,202.089996,203.869995,195.380005,197.139999,197.139999,5372000,0.884625034136798,0.456778934985391,0.9907242063492064
2022-06-07,0.286752824566502,137302.8695414939,205.09806397385537,194.869995,199.600006,193.0,198.610001,198.610001,4839500,0.8822094768380034,0.5128389764329692,0.9671618825048915
2022-06-08,0.2928571155283585,140220.2283569947,205.06147330084025,197.949997,207.380005,197.639999,202.830002,202.830002,7244100,0.8959173335027669,0.5233751563441661,0.9701159776318647
2022-06-09,0.2783051865435798,133265.57515305412,206.28592166117892,200.649994,201.690002,192.539993,192.770004,192.770004,6949000,0.8761504844835442,0.5515468860885744,0.974276154906407
2022-06-10,0.2640859500164718,126469.93200553337,203.76602749725265,182.639999,185.860001,180.850006,182.940002,182.940002,13065600,0.8951186700248668,0.5526268809541726,0.9806807786296948
2022-06-13,0.2449196381495789,117309.98280010364,198.2327183465375,177.070007,179.089996,168.960007,169.690002,169.690002,10222400,0.902424560256225,0.5426481280960825,0.9728870985336504
2022-06-14,0.2418096198091543,115823.64327684206,189.33844462395905,169.75,172.059998,164.279999,167.539993,167.539993,11555300,0.8831671807115574,0.590029633465677,0.9725947323373796
2022-06-15,0.25999231365801,124513.49870655188,181.87190764608874,169.259995,183.850006,168.529999,180.110001,180.110001,12396000,0.8869333778278071,0.5109094446225466,0.971327056463611
2022-06-16,0.2502138855532073,119840.20682175635,180.9683281717509,174.0,176.270004,171.559998,173.350006,173.350006,8201300,0.8809391140588945,0.5066440339873794,0.975981925997406
2022-06-17,0.25333834010438144,121333.44000923392,179.01202514539702,173.630005,179.649994,173.339996,175.509995,175.509995,12133400,0.8838216966434959,0.5223018202044614,0.9596012443438914
2022-06-21,0.24668438824846442,118153.38843346991,178.8278562117922,177.600006,178.619995,169.800003,170.910004,170.910004,12177600,0.8789169997900703,0.5478163300535129,0.9480936452061316
2022-06-22,0.25822756355912446,123670.09307318564,177.64529345857053,170.75,182.820007,170.199997,178.889999,178.889999,11992400,0.8817137182420428,0.4999712296449738,0.9757816469417776
2022-06-23,0.2623067449021534,125619.61846484325,179.67014218825847,180.5,182.759995,175.869995,181.710007,181.710007,9538200,0.8854060109712382,0.5035771141415885,0.9763599981385824
2022-06-24,0.2755278823585375,131938.25992932022,182.52380262630908,183.5,191.190002,181.839996,190.850006,190.850006,12424000,0.8807750300000062,0.4955144401027364,0.9563152504061596
2022-06-27,0.27305433311653216,130756.09621803483,187.9313313385348,191.770004,191.779999,182.389999,189.139999,189.139999,8363900,0.8925156277316115,0.5097177406861508,0.934680545632558
2022-06-28,0.2592545986979681,124160.93905709288,191.57408117775603,189.199997,192.199997,179.369995,179.600006,179.600006,7185400,0.877906228998568,0.4904878013694689,0.967882525083612
2022-06-29,0.257460913977477,123303.70336597101,190.8335733120413,179.550003,180.669998,175.100006,178.360001,178.360001,5766800,0.8923511393149454,0.5376086080902238,0.9658508710501744
2022-06-30,0.2524125710783579,120890.99210591738,189.25057344129607,177.070007,179.449997,170.300003,174.869995,174.869995,7894700,0.8776428182951481,0.543705554032419,0.968649145932883
2022-07-01,0.2597608656154477,124402.88673072275,186.51531761913387,176.490005,180.100006,174.270004,179.949997,179.949997,5201600,0.8976482284871418,0.552760721067298,0.958208575827992
2022-07-05,0.2683387058193096,128502.40925750892,185.97309164367675,176.279999,185.919998,172.679993,185.880005,185.880005,7334300,0.8940649996895152,0.5661430462051902,0.9713346702317288
2022-07-06,0.26570604002595655,127244.20159322945,187.71026268906846,185.199997,186.220001,180.820007,184.059998,184.059998,5753400,0.8823347801017127,0.4422147419299154,0.9807182438192668
2022-07-07,0.2732423871825137,130845.97022878448,188.66137295318438,184.270004,190.210007,183.5,189.270004,189.270004,6334500,0.8859888759039868,0.5128675412854594,0.9684617526722792
2022-07-08,0.26992985831416055,129262.84878744936,191.14898244108883,186.020004,189.910004,182.75,186.979996,186.979996,5835700,0.8871535794613921,0.4926851372345934,0.9807831465919702
2022-07-11,0.2559854623596815,122598.55558083726,192.30288662101998,184.729996,184.990005,176.889999,177.339996,177.339996,6038800,0.8787199687098638,0.5196127510213476,0.9691674612255275
2022-07-12,0.2518050380480582,120600.6463516968,189.75528161519884,177.330002,179.779999,173.419998,174.449997,174.449997,6845300,0.8895548091705282,0.4350501664137904,0.9883040935672516
2022-07-13,0.2548571842522436,122059.32575944717,186.48406308593346,170.5,179.179993,169.699997,176.559998,176.559998,12734400,0.8985944740523232,0.471783474308073,0.9825428659345992
2022-07-14,0.2522823905951298,120828.77821067894,184.5892801888719,175.559998,177.520004,171.820007,174.779999,174.779999,9039500,0.8779923435063803,0.4932478189857786,0.9672563053561506
2022-07-15,0.2730109405864656,130735.35825295535,182.72338249652162,175.580002,189.220001,174.559998,189.110001,189.110001,16319100,0.8822806657689525,0.4428566804764371,0.969016537732467
2022-07-18,0.2756291267736459,131986.64376680306,186.32315477723523,192.5,199.669998,189.800003,190.919998,190.919998,16322800,0.8944850190270238,0.4676744511027266,0.9673223456049086
2022-07-19,0.29112130294410676,139390.65278138404,190.1651136352533,193.020004,201.970001,188.399994,201.630005,201.630005,28178700,0.8944573459035889,0.400195638414178,0.970997712052555
2022-07-20,0.3125441724723896,149629.05450803993,196.82556385540036,208.169998,216.970001,200.100006,216.440002,216.440002,53920300,0.8810631991844419,0.5592723257955003,0.9609673400100398
2022-07-21,0.32330624173945516,154772.45441166326,206.92388911045433,214.300003,224.320007,211.5,223.880005,223.880005,23430100,0.886248122498328,0.5532891940402673,0.9755201571290656
2022-07-22,0.3183302288850365,152394.32541755258,217.02633493679375,222.380005,229.350006,218.440002,220.440002,220.440002,17805500,0.8789349561473017,0.5114448472294147,0.951749963070935
2022-07-25,0.3155384465403357,151060.0738002791,222.99529148666693,221.309998,225.229996,216.350006,218.509995,218.509995,10935200,0.9076061564284508,0.4325951682243759,0.978528911564626
2022-07-26,0.30888449468441864,147880.02934606903,225.80315177487938,216.660004,219.389999,211.639999,213.910004,213.910004,9508500,0.8958424925016599,0.4931679996931162,0.97409011467835
2022-07-27,0.3274577299829588,156756.5335830481,225.26257402793647,216.479996,227.779999,214.580002,226.75,226.75,10508400,0.8857070091111913,0.4804613326428448,0.9751272622216516
2022-07-28,0.32640178047370716,156251.87178449312,228.29593257974713,224.600006,228.100006,219.669998,226.020004,226.020004,8972700,0.8792038371579405,0.5421737441740031,0.9687778035893844
2022-07-29,0.32478167021302495,155477.58795368916,230.03281518514885,223.289993,230.75,222.399994,224.899994,224.899994,9064900,0.8918591451242073,0.5744030151332068,0.9468044945250828
2022-08-01,0.3266766224928502,156383.23596850963,230.57038491505338,223.100006,228.389999,221.0,226.210007,226.210007,5525000,0.8879285192164181,0.5481059516274431,0.9693790849673204
2022-08-02,0.3197478069200786,153071.81308717516,231.03419641894772,222.759995,228.199997,220.880005,221.419998,221.419998,6361300,0.8850559284286176,0.5651115756990663,0.9786755274500372
2022-08-03,0.32742879391483914,156742.70352529248,229.4806586328937,224.789993,228.100006,222.419998,226.729996,226.729996,6400700,0.889204546140361,0.4722612677040435,0.9759756826707292
2022-08-04,0.33202872033500624,158941.09874101172,229.84751309444056,227.679993,232.070007,225.050003,229.910004,229.910004,7142700,0.8953213135068426,0.5769351260461221,0.9466304440504648
2022-08-05,0.32750112395953956,156777.27154812755,231.23251951491818,225.300003,228.619995,222.869995,226.779999,226.779999,5539700,0.8956829945809464,0.5066728043424056,0.9483248697180586
2022-08-08,0.33720724227083937,161416.00965319588,231.25271031421707,227.490005,241.960007,226.410004,233.490005,233.490005,10982100,0.8903769269458685,0.5634737965999834,0.9824222618340266
2022-08-09,0.3320721128650729,158961.83670609118,233.44932505794048,231.619995,232.199997,224.649994,229.940002,229.940002,6181200,0.8913316793886371,0.4998065441644791,0.9576623483635148
2022-08-10,0.3525692162603605,168757.80477253845,233.93058718122884,236.990005,244.539993,236.600006,244.110001,244.110001,9254800,0.8936372030841638,0.5707358410620968,0.957221306099015
2022-08-11,0.35052962558884604,167783.03495515572,238.98242818009138,244.679993,251.619995,241.509995,242.699997,242.699997,8780100,0.8918068052482907,0.4641928956403322,0.9564457405769324
2022-08-12,0.36007662734879803,172345.74335033787,242.4341483345175,244.809998,249.410004,243.759995,249.300003,249.300003,6098500,0.8675262739565667,0.493709947936313,0.9434708583788392
2022-08-15,0.3598017867761691,172214.39340942926,247.04115306025534,248.110001,251.990005,247.509995,249.110001,249.110001,6527400,0.8885393420238545,0.534813643810891,0.9650040133012268
2022-08-16,0.35485470998987007,169850.08022996632,250.1802454712516,247.160004,249.289993,244.029999,245.690002,245.690002,5136800,0.8806401556957011,0.520168018873353,0.9604603123766144
2022-08-17,0.348287524389403,166711.4974628073,250.90390020040869,241.179993,244.240005,237.559998,241.149994,241.149994,5627200,0.8810884542180256,0.512882622519949,0.9564220160832282
2022-08-18,0.3541025168701696,169490.59843007557,249.3246912552461,241.960007,246.479996,239.279999,245.169998,245.169998,5280400,0.8901403360095685,0.5252689250617785,0.972325719655441
2022-08-19,0.34830200399557565,166718.41961323906,249.0506938676177,240.949997,243.289993,235.679993,241.160004,241.160004,7504700,0.8748310058594432,0.5028789535262865,0.9636017740429506
2022-08-22,0.3271539518956961,156611.35358438388,247.34391203545644,232.550003,233.479996,224.589996,226.539993,226.539993,8630100,0.882226279085709,0.551546118879107,0.95381981413839
2022-08-23,0.32427540329554533,155235.64028005928,240.87589249434157,226.460007,229.899994,224.300003,224.550003,224.550003,5276900,0.8910265919192513,0.5378020334001691,0.94555708981944
2022-08-24,0.33159476176451547,158733.70484710904,235.07682709856897,225.660004,234.100006,223.940002,229.610001,229.610001,5426300,0.8772440069546371,0.5336517252622898,0.963865429837652
2022-08-25,0.33791602116276165,161754.75348800718,232.67762446759463,230.240005,234.160004,229.0,233.979996,233.979996,3766900,0.8856867165008552,0.5707035584819117,0.9542595557013956
2022-08-26,0.3224383245984735,154357.66662385795,232.9733784716104,233.630005,236.949997,223.149994,223.279999,223.279999,5349800,0.9013461930600892,0.5810739323878096,0.9663512167781616
2022-08-29,0.324304339363665,155249.4703378149,230.11180653669163,221.929993,229.869995,221.520004,224.570007,224.570007,7109400,0.8783620485011097,0.4583196922167261,0.9795771314080272
2022-08-30,0.31863398527458764,152539.49117310895,228.54681356246397,226.660004,229.789993,218.740005,220.649994,220.649994,5740400,0.8896490733656471,0.5308235121803221,0.9792479550295206
2022-08-31,0.3228433471008447,154551.230460005,226.30499615173875,227.0,233.880005,223.429993,223.559998,223.559998,8615900,0.8892602455762861,0.4757047429238004,0.9751156158734262
2022-09-01,0.33221675125676214,159030.9585086535,225.8279370111616,220.720001,230.369995,219.470001,230.039993,230.039993,7292900,0.9001483606283631,0.5603250410776736,0.9674030924062706
2022-09-02,0.3265319624034494,156314.09992283944,228.01999852361456,231.029999,233.880005,225.039993,226.110001,226.110001,8164900,0.8759737650977344,0.524473982008938,0.962485236259746
2022-09-06,0.31536487063401264,150977.1219399612,228.68839639183327,225.589996,226.850006,214.690002,218.389999,218.389999,7469000,0.8936334123544292,0.507225785320037,0.9625871509811138
2022-09-07,0.3306545362765449,158284.34903646863,226.55709270298482,220.210007,229.330002,218.270004,228.960007,228.960007,8149300,0.8966511629468414,0.5015867957349055,0.9621492526023367
2022-09-08,0.32845582760716857,157233.5495091997,228.3929514306639,224.160004,228.740005,221.300003,227.440002,227.440002,6737400,0.899892349235479,0.5599539674319581,0.9491464985994398
2022-09-09,0.3373229662921205,161471.32988421837,229.4801229586266,229.619995,234.779999,229.619995,233.570007,233.570007,6699600,0.8779355137628561,0.5494259557057671,0.9655853323585928
2022-09-12,0.3416046364653664,163517.6229508416,232.41147676826506,233.610001,239.490005,233.369995,236.529999,236.529999,6047400,0.8933952563533257,0.566693435605691,0.9565881591524344
2022-09-13,0.31498878564627525,150797.38816156975,235.6862595916924,226.5,227.690002,217.720001,218.130005,218.130005,8000100,0.8733239906693854,0.5060681473809387,0.9755750408575484
2022-09-14,0.32365339065907295,154938.37237540697,231.7368156316924,219.820007,228.0,215.800003,224.119995,224.119995,8230300,0.9100037918754824,0.561669255998619,0.9631641166567636
2022-09-15,0.33994115392581503,162722.6011549582,230.19784406513259,230.470001,242.289993,229.100006,235.380005,235.380005,19454100,0.878843988744059,0.4926491742908108,0.9603708791208792
2022-09-16,0.34681209591583323,166006.36392078144,232.8770189120993,231.220001,241.360001,227.830002,240.130005,240.130005,18914200,0.8842665894919717,0.5442545601012717,0.9718674358795326
2022-09-19,0.35187489527689925,168425.96884505104,236.84032859447493,245.050003,245.25,235.75,243.630005,243.630005,17912400,0.8909403050354799,0.5415108272436082,0.9708785853522696
2022-09-20,0.35074661572294724,167886.73902366098,241.14824165345578,240.369995,250.490005,239.660004,242.850006,242.850006,16037400,0.8995832465545311,0.4284027001735306,0.9447729615274966
2022-09-21,0.34209644547438495,163752.6627171476,244.00756787702397,242.669998,248.300003,236.679993,236.869995,236.869995,9166800,0.8839084185293034,0.4499984929814034,0.9544806346249292
2022-09-22,0.3423568295850669,163877.10475073237,243.73414736937553,235.350006,240.5,231.660004,237.050003,237.050003,10018000,0.8806141745222797,0.5304285736704173,0.96503444185764
2022-09-23,0.3269659209739402,156521.4938167421,243.06230882413342,235.139999,236.449997,221.429993,226.410004,226.410004,11207200,0.8762769700679518,0.4819969503423672,0.9583280622408178
2022-09-26,0.3235810823120841,154903.80435257187,238.57931269123225,225.600006,232.699997,223.009995,224.070007,224.070007,8234300,0.8794405891743924,0.532131409442769,0.9650072774207722
2022-09-27,0.3240005627229164,155104.29033915067,234.05830428822247,228.630005,230.639999,220.720001,224.360001,224.360001,7762200,0.8883091633415202,0.5507393981241728,0.976652593049652
2022-09-28,0.35414591084675034,169511.33639515506,230.7829445848152,229.690002,246.649994,227.380005,245.199997,245.199997,17579700,0.8872357162526572,0.5343542014308457,0.965586474355824
2022-09-29,0.3462045628855335,165716.00392345295,235.79805069066762,241.610001,246.979996,235.679993,239.710007,239.710007,18994900,0.8962529580792693,0.5705361543291879,0.9780226354462456
2022-09-30,0.34002794043246237,162764.07708511714,238.4816345489098,237.0,242.440002,233.259995,235.440002,235.440002,11848600,0.8863146127757476,0.5508400943667645,0.9582857501975148
2022-10-03,0.3452353781852177,165252.81805505694,239.108023192873,237.850006,241.539993,232.850006,239.039993,239.039993,8657400,0.9001414720334513,0.5529587182931924,0.9666612018274422
2022-10-04,0.3476944695187619,166428.0596159106,240.59128463565304,244.839996,245.800003,233.25,240.740005,240.740005,13925900,0.8887913512617556,0.5217860636400253,0.982993783993784
2022-10-05,0.3418939349464564,163655.88079907408,242.1845035231863,238.759995,241.589996,227.380005,236.729996,236.729996,10825600,0.8922564177363966,0.5853136927709688,0.9623980601012336
2022-10-06,0.34665297791797134,165930.31996778736,241.8827334850937,236.679993,244.279999,233.910004,240.020004,240.020004,9188900,0.8900519474450908,0.578125323666494,0.9527549175970228
2022-10-07,0.3245647017766353,155373.89812829177,242.53776009949104,235.770004,237.330002,224.279999,224.75,224.75,9806100,0.8891341007552477,0.4838172080821255,0.947461852669111
2022-10-10,0.33212996475011475,158989.48257849453,237.68622007081598,225.639999,233.830002,224.229996,229.979996,229.979996,9991100,0.8782155638490146,0.5392613803677867,0.978413090177796
2022-10-11,0.309434154131965,148142.71498477837,235.46795172498733,226.050003,230.440002,213.699997,214.289993,214.289993,15282400,0.8842326587821224,0.571059324472064,0.9708555211558308
2022-10-12,0.31895221982379734,152691.59332220492,228.55309743367434,214.300003,223.669998,212.639999,220.869995,220.869995,12952600,0.8938243639424602,0.5467457700006966,0.9813957688338492
2022-10-13,0.3357896439845998,160738.52198357336,225.58198011113092,212.690002,234.470001,211.729996,232.509995,232.509995,17505000,0.8743973022947643,0.4694043257827135,0.9626174600030808
2022-10-14,0.3321589008182344,159003.31263625014,227.86714593177945,237.800003,238.800003,229.509995,230.0,230.0,15293400,0.8897146505328647,0.5087887680533978,0.9598345994727068
2022-10-17,0.3540012724550611,169442.21459259273,229.4687913875915,234.410004,249.919998,234.399994,245.100006,245.100006,21057800,0.8888422374078472,0.4825857151077244,0.9782312925170068
2022-10-18,0.34786804542508487,166511.02571933638,236.12310195652321,249.800003,250.369995,237.729996,240.860001,240.860001,25776700,0.8954877589489746,0.517561981553562,0.9749264799405052
2022-10-19,0.39346217574279885,188301.34282484226,240.0357492149438,265.0,279.299988,262.660004,272.380005,272.380005,46685300,0.8922033237038848,0.5281517923931182,0.958680116245485
2022-10-20,0.3873578847809423,185383.9840093415,253.50890476423666,272.779999,278.380005,266.380005,268.160004,268.160004,17207100,0.8898118179849808,0.5234324951569902,0.9809647950089126
2022-10-21,0.4183277560691771,200185.07988807175,262.40989501801045,268.950012,290.75,265.679993,289.570007,289.570007,24889100,0.8856265328645766,0.5253420173150882,0.9550671991848464
2022-10-24,0.4080285828872362,195262.9039361067,275.63870069007396,290.230011,290.48999,280.359985,282.450012,282.450012,13326400,0.8886163577878812,0.5207837044709132,0.9693015873015872
2022-10-25,0.4204251754815078,201187.48133474993,282.45420800769386,286.950012,297.589996,285.549988,291.019989,291.019989,15100700,0.8720516369663786,0.5002113995651923,0.9791547220895048
2022-10-26,0.4314186913446216,206441.4932142024,289.1144521992767,290.040009,305.630005,288.040009,298.619995,298.619995,15714100,0.8792767796522127,0.524800046032568,0.9802350427350428
2022-10-27,0.42898855777690853,205280.08171110434,295.5738597464049,298.329987,305.209991,294.779999,296.940002,296.940002,14612600,0.8934104124625755,0.5475060212243019,0.9732098295397528
2022-10-28,0.42722380912453717,204436.67607773808,298.84400692713604,297.700012,301.190002,292.290009,295.720001,295.720001,9960500,0.8874889842013025,0.5404223488117843,0.9302448009506832
2022-10-31,0.4216692007544525,201782.03138716248,299.82161246461766,295.130005,297.619995,289.5,291.880005,291.880005,7505100,0.8854646480832508,0.4755870460168751,0.97405118746063
2022-11-01,0.41424857617266236,198235.56873952202,298.35273181562394,296.170013,299.700012,286.420013,286.75,286.75,6916400,0.879713699441446,0.5404434470721369,0.9623078938603647
2022-11-02,0.39435900725418865,188729.9464272953,294.82338009817926,286.399994,287.329987,272.839996,273.0,273.0,10367600,0.8792050119510675,0.518089977230319,0.969616796263584
2022-11-03,0.3886597387947032,186006.1656910495,287.00391618970707,271.25,276.290009,268.799988,269.059998,269.059998,7057400,0.8828872788898957,0.6061146594548977,0.9612372591861756
2022-11-04,0.37669708307321087,180288.98218630892,279.54428116873993,272.019989,274.970001,255.320007,260.790009,260.790009,11124700,0.8827695042582575,0.51359647295289,0.9650275244606408
2022-11-07,0.37352921284774443,178774.99679064399,271.3494332161599,261.059998,261.149994,252.089996,258.600006,258.600006,7927000,0.8904657934405771,0.5286974701267814,0.9829148629148629
2022-11-08,0.3805592496913988,182134.7750232455,264.9397197587347,259.920013,266.079987,256.880005,263.459991,263.459991,7683800,0.9024787648527508,0.5698701149244909,0.9446643515426938
2022-11-09,0.36782994438825894,176051.2018112903,262.5852253262079,259.660004,260.899994,254.220001,254.660004,254.660004,7266000,0.8825493592200653,0.5403694113585362,0.9531574963048648
2022-11-10,0.39720864148393137,190091.84391697217,258.6862789673115,265.98999,275.359985,260.089996,274.970001,274.970001,9667300,0.8980615107037969,0.4687351486361786,0.9589247807385064
2022-11-11,0.41913780107391946,200572.22180347372,263.3604284021464,274.470001,290.660004,271.559998,290.130005,290.130005,9573800,0.8769682168580379,0.6092711784063415,0.9516986281692164
2022-11-14,0.43235891683259203,206890.8490248428,273.0352413404781,290.0,311.0,288.190002,299.269989,299.269989,17978200,0.8772305915870493,0.6086122002745514,0.9640674175075435
2022-11-15,0.4481693492499741,214446.96018851976,284.0037076338881,309.200012,312.709991,302.549988,310.200012,310.200012,14626900,0.8873888565735772,0.5235936091451369,0.9712649144228092
2022-11-16,0.4421228870289337,211557.2330023145,295.8709117303756,309.940002,310.48999,303.609985,306.019989,306.019989,8038600,0.8850701330340893,0.5419903331607112,0.9697685288076708
2022-11-17,0.42658734002611776,204132.50026576192,302.73320813494223,294.720001,299.820007,291.0,295.279999,295.279999,9838200,0.8821903045192777,0.5014970505425692,0.9605932381794452
2022-11-18,0.4160278044312064,199085.89652332003,302.9633832469495,297.329987,298.0,287.0,287.980011,287.980011,8400100,0.8844211660641812,0.5687596342833607,0.9709559224147324
2022-11-21,0.41178948483911815,197060.31293556045,299.26883782666965,291.0,291.869995,282.660004,285.049988,285.049988,7256500,0.8843101863862437,0.5806752721995256,0.9553989822049676
2022-11-22,0.41416178821950084,198194.09280936306,294.5794422780785,284.98999,286.980011,277.339996,286.690002,286.690002,6245100,0.8792655040391445,0.5634410303623146,0.9738504358296024
2022-11-23,0.42111951816268056,201519.31726223737,291.31116995728223,285.910004,292.470001,283.76001,291.5,291.5,5919000,0.8822329048365436,0.5526358285583824,0.9626905162178058
2022-11-25,0.41249830712646357,197399.0710134796,290.66759853105856,289.0,289.209991,284.170013,285.540009,285.540009,3236000,0.8816086030682231,0.595527168805263,0.9684495300594372
2022-11-28,0.40617704628170326,194378.0223725815,288.45507838217316,284.0,289.549988,280.529999,281.170013,281.170013,4703400,0.8766768469082254,0.5669975257494677,0.9421705021414774
2022-11-29,0.40587324649672907,194232.8281308094,285.40898726509033,282.5,282.959991,275.940002,280.959991,280.959991,5786900,0.888485657475281,0.4703561769952241,0.9572259816207184
2022-11-30,0.44141410958352545,211218.5034106111,283.1898742021482,281.369995,308.26001,280.410004,305.529999,305.529999,16070100,0.8881701439930166,0.5220285018317126,0.9593844670599057
2022-12-01,0.45793331944631577,219113.34416599147,290.3317101627222,303.98999,319.799988,303.029999,316.950012,316.950012,14664900,0.8840794954442003,0.5354971750621673,0.975895140895141
2022-12-02,0.4629382466711425,221505.30321785773,300.32714475277754,310.48999,321.98999,310.0,320.410004,320.410004,12690600,0.8954851676883032,0.5563376829847858,0.9614642284468492
2022-12-05,0.45162649481230493,216099.20343241718,309.14945269785494,316.459991,322.769989,310.920013,312.589996,312.589996,8423000,0.8928729446561777,0.523603199263479,0.969926972182407
2022-12-06,0.4414575035601062,211239.2413756906,312.53184424040273,311.0,313.220001,303.130005,305.559998,305.559998,7195400,0.8955184243563455,0.6162082590099162,0.9630534670008354
2022-12-07,0.44559455559286026,213216.41263975154,311.6259366432886,306.5,309.609985,302.100006,308.420013,308.420013,7821600,0.8740944997802029,0.5340278246859653,0.9412957105574756
2022-12-08,0.4482561372031356,214488.4361186787,311.04613105770784,309.109985,312.380005,304.809998,310.26001,310.26001,7205300,0.8817232960971307,0.607721440191663,0.9594222399703682
2022-12-09,0.46235964970896243,221228.77327828488,310.8467984217724,321.450012,329.0,319.519989,320.01001,320.01001,14364000,0.8718054220513172,0.6594894220994687,0.944314892623716
2022-12-12,0.45537296199995153,217889.7045245471,313.9180044208403,320.0,323.179993,308.850006,315.179993,315.179993,10148600,0.8971512889498998,0.4920210215394058,0.9679453262786596
2022-12-13,0.4628369791118083,221456.90513726702,314.5848364719705,328.0,332.720001,317.200012,320.339996,320.339996,10756400,0.8989274137766592,0.5569529727996844,0.9573403200001666
2022-12-14,0.45920621569424547,219721.69578994383,316.6272182324782,318.970001,324.709991,314.420013,317.829987,317.829987,7543300,0.887277512686245,0.5310850608623783,0.9638483979041256
2022-12-15,0.4195428235762907,200765.78563962074,317.1573915369253,302.119995,303.390015,286.549988,290.410004,290.410004,17724600,0.8800314083974344,0.498530498789432,0.9547071306746228
2022-12-16,0.4199767590025559,200973.17953352342,307.75305289777293,288.76001,294.720001,288.700012,290.709991,290.709991,14080000,0.8854537951413004,0.5079494704041572,0.9611793162898804
2022-12-19,0.41649065567439375,199307.0919887625,300.25882568086416,289.730011,292.25,286.130005,288.299988,288.299988,6163700,0.8851469643799549,0.5311237700673226,0.9621587301587302
2022-12-20,0.41633155937424343,199231.06227887634,294.0757436441407,281.23999,289.279999,280.809998,288.190002,288.190002,6918100,0.8801286637197332,0.58148272255562,0.9808387751385385
2022-12-21,0.4304639862504784,205985.22949623814,290.00791567110866,289.98999,300.660004,286.5,297.959991,297.959991,6376200,0.8943249356602814,0.5504567061841414,0.9787705878869974
2022-12-22,0.43016023130744135,205840.0494975739,291.08944201641026,298.089996,298.880005,290.809998,297.75,297.75,7856200,0.8902970726482158,0.5666792210034054,0.9673255665902724
2022-12-23,0.4261244439409932,203911.27631410366,292.6409607225344,296.179993,298.459991,291.910004,294.959991,294.959991,4251100,0.8893087235531614,0.6108992566786456,0.9516240703740704
2022-12-27,0.41051658859118845,196451.97555471596,293.23815511893986,293.190002,293.570007,282.130005,284.170013,284.170013,5778100,0.8939473357648064,0.6091167501006962,0.980912166036005
2022-12-28,0.39997148920702663,191412.26547649005,290.0213693363558,281.920013,285.190002,273.410004,276.880005,276.880005,5964400,0.8946544210839407,0.5473222304780632,0.9714916389603426
2022-12-29,0.4205698355709086,201256.61738042015,284.92168850486877,283.179993,295.5,281.01001,291.119995,291.119995,9588500,0.8844134851758682,0.5925043635038456,0.9697924297924296
2022-12-30,0.42600874306393766,203855.9703261891,286.076128359067,285.529999,295.01001,283.220001,294.880005,294.880005,7566900,0.884093020308212,0.4939806023873001,0.9669572642896028
2023-01-03,0.4261100091767578,203904.36840677977,288.8152369153811,298.059998,298.390015,288.700012,294.950012,294.950012,6764000,0.8835140039670321,0.5510303897150091,0.9709181754759052
2023-01-04,0.4470265915363635,213900.80821669794,291.224493740292,298.23999,311.140015,295.51001,309.410004,309.410004,9345100,0.8772223193273457,0.5467863513435756,0.966186573292904
2023-01-05,0.4474460921983932,214101.29420327675,298.05675118018746,307.0,314.179993,304.549988,309.700012,309.700012,8328400,0.8872363568342182,0.5642661230439584,0.9612720612720612
2023-01-06,0.4559081649855508,218145.49649904043,303.3622339445281,311.570007,316.769989,303.690002,315.549988,315.549988,8959800,0.887094237641658,0.5462005497922038,0.9719692376101544
2023-01-09,0.45535852578920194,217882.8108603311,308.983785129322,316.829987,321.700012,313.220001,315.170013,315.170013,6766600,0.890903060815875,0.5670958526687043,0.9780622078552784
2023-01-10,0.4732518994592561,226434.40132025452,312.5846287585698,311.070007,329.350006,311.070007,327.540009,327.540009,13072300,0.8911394519700303,0.5303412164106105,0.9696581196581197
2023-01-11,0.47284687695688493,226240.8232409996,318.91802923578786,326.5,328.880005,321.350006,327.26001,327.26001,9579700,0.8813088351731317,0.5281319641754649,0.985176786242086
2023-01-12,0.4769983652003885,228224.9024123844,323.13456862651304,332.5,332.950012,323.140015,330.130005,330.130005,10856200,0.8862915356677873,0.5761538788693,0.9810397957810126
2023-01-13,0.48088949103092177,230084.55379329238,326.625083959592,329.970001,336.649994,328.890015,332.820007,332.820007,8286800,0.8843742007950687,0.5022171734889531,0.9666384771225978
2023-01-17,0.47134248927096983,225521.85964121806,329.54786698095666,331.079987,332.5,323.600006,326.220001,326.220001,9247000,0.887585784399777,0.610630235177102,0.9574779056921914
2023-01-18,0.47150158557112015,225597.88935110424,328.90367746904013,326.75,330.079987,321.25,326.329987,326.329987,7814100,0.8796695227328483,0.5556981564456853,0.9658902958589995
2023-01-19,0.45624087914093314,218304.50655546028,327.87687231040985,322.570007,324.890015,313.390015,315.779999,315.779999,18008200,0.8905545196187061,0.5738924259501833,0.9740080469319222
2023-01-20,0.49489173742392856,236776.49287230783,323.1433454433511,336.790009,344.0,332.630005,342.5,342.5,28430300,0.8793125511960131,0.5199589542934959,0.9726563013869516
2023-01-23,0.5164737466477848,247090.96703817358,328.6524462377641,341.720001,362.25,340.630005,357.420013,357.420013,15646900,0.8940931671189953,0.605455338818881,0.961074650657984
2023-01-24,0.5257458644396849,251522.28276312348,338.39815360506253,357.529999,365.649994,355.140015,363.829987,363.829987,11796500,0.8986369538265819,0.5634817883652684,0.9605669973165478
2023-01-25,0.5317199734717991,254377.4276833858,347.9658728956844,360.570007,368.899994,358.5,367.959991,367.959991,7766900,0.881844717298821,0.5703818785123809,0.9729951829216534
2023-01-26,0.5272502506790858,252241.246362905,355.98743022285333,368.769989,369.019989,361.700012,364.869995,364.869995,8256800,0.8886253165461186,0.5142563363579733,0.9411286279744644
2023-01-27,0.5213195341770381,249406.83940772215,360.032924699518,363.200012,365.920013,360.589996,360.769989,360.769989,6703500,0.8885869346599093,0.5672195369890864,0.9650258970547284
2023-01-30,0.5102392303607629,244111.36584121865,360.6180046163442,358.440002,360.950012,352.859985,353.109985,353.109985,5127600,0.8936454168885262,0.5356935486402084,0.9785316399286988
2023-01-31,0.5113241159381342,244629.84345442135,357.56560902519453,349.980011,355.950012,348.709991,353.859985,353.859985,5660700,0.8831261598757437,0.482528174397672,0.9657738095238096
2023-02-01,0.5230842828294096,250250.2592841963,354.9875323947172,353.859985,365.390015,349.910004,361.98999,361.98999,8005200,0.8911890233989392,0.5454395274979629,0.9761540430895268
2023-02-02,0.5301722380977546,253637.7261185248,355.7687102990197,365.160004,368.320007,358.429993,366.890015,366.890015,7857000,0.8843526481029369,0.5908836953757687,0.9646857955026396
2023-02-03,0.5287401587588283,252953.3162984705,358.2101075799574,359.079987,379.429993,359.0,365.899994,365.899994,9402000,0.8921736801360641,0.5487917378964973,0.965133553527663
2023-02-06,0.5223465910135932,249897.7138778452,359.75808259477606,363.640015,368.450012,360.679993,361.480011,361.480011,4994900,0.8813489347225072,0.5840022440876921,0.9691526862181654
2023-02-07,0.524472968191755,250913.93113917112,359.2467609039601,358.51001,364.179993,354.179993,362.950012,362.950012,6289400,0.8860516862932007,0.6545648091479267,0.9626220185043716
2023-02-08,0.53008540674917,253596.22170215007,359.1529767015024,360.019989,368.190002,358.309998,366.829987,366.829987,6253200,0.8787439719208718,0.619831725390158,0.97890062835715
2023-02-09,0.523822019487163,250602.8331767632,360.34802478571913,372.410004,373.829987,361.73999,362.5,362.5,6901100,0.8878474174580122,0.5433339087404339,0.9702289377289378
2023-02-10,0.501921774267583,240136.28534801726,359.74769875513664,359.160004,362.140015,347.140015,347.359985,347.359985,7291100,0.8848209880768234,0.5271236752943884,0.9531162464985994
2023-02-13,0.5181372291873362,247885.96034784126,353.94560473946916,349.5,359.700012,344.25,358.570007,358.570007,7134400,0.8791686706078367,0.477231860291156,0.959070020053476
2023-02-14,0.5201478606465053,248846.88586436052,353.3393038805227,357.549988,363.75,353.399994,359.959991,359.959991,4624800,0.8860116510775783,0.5680883648258066,0.963736703089864
2023-02-15,0.5222598030604317,249856.23794768623,353.74167766655046,356.630005,362.880005,354.23999,361.420013,361.420013,3966000,0.8907935629074788,0.5483215374877726,0.9696819537531612
2023-02-16,0.5067676051922594,242452.21468999737,354.80140618975184,355.0,361.5,350.309998,350.709991,350.709991,5215700,0.8757893634152142,0.5779490460088748,0.9339699439353418
2023-02-17,0.5027896914085647,240551.07313582257,352.00102473842253,347.910004,349.0,342.440002,347.959991,347.959991,5294700,0.8900774990726033,0.5489462203599956,0.967518803660108
2023-02-21,0.48765916690811995,233319.904235417,348.85097160780685,342.850006,344.130005,336.420013,337.5,337.5,5710300,0.8796470692503396,0.5429459199526522,0.9733355325936044
2023-02-22,0.4838693071904067,231508.66517820765,342.9561853410724,337.5,341.910004,332.820007,334.880005,334.880005,4546200,0.8820736357907721,0.4841901571287612,0.9439594303758392
2023-02-23,0.4676249379002454,223745.16012062802,337.79199696611107,331.230011,331.279999,314.299988,323.649994,323.649994,13238700,0.8961659803401751,0.5061581068606039,0.9735751993104934
2023-02-24,0.4582225962296942,219251.6020142239,330.4331099130741,319.299988,321.5,314.519989,317.149994,317.149994,6830700,0.8879394602051606,0.5628769259012656,0.9420700263911232
2023-02-27,0.46672810638885565,223316.55651817497,323.0869348224528,323.869995,330.0,322.119995,323.029999,323.029999,6142600,0.8940105753934623,0.5218175192281873,0.9653459476849474
2023-02-28,0.4654262523750947,222694.374836467,320.2613766805692,323.700012,327.619995,321.170013,322.130005,322.130005,3676100,0.8625580435773997,0.4313884573335635,0.95193045445603
2023-03-01,0.4529139140618304,216714.47720680133,318.6991444891028,321.549988,326.600006,312.359985,313.480011,313.480011,4911300,0.8702199916630972,0.5488572938080966,0.9722786776737664
2023-03-02,0.450599482817687,215608.37169161782,315.1635913118735,310.959991,315.570007,310.380005,311.880005,311.880005,4911000,0.8779006006974376,0.5183106047528626,0.9711895000424412
2023-03-03,0.45537296199995153,217889.7045245471,312.312732862297,315.450012,317.48999,310.820007,315.179993,315.179993,5953300,0.8722605219585298,0.5743210196213822,0.9670237768647856
2023-03-06,0.45081645125407666,215712.06151701522,311.7374805079867,317.0,323.299988,311.839996,312.029999,312.029999,5660700,0.8796207558785274,0.4894745927480535,0.9633249791144528
2023-03-07,0.44566686393984917,213250.96641947876,310.67810223334465,312.679993,314.299988,306.619995,308.470001,308.470001,4553100,0.884188937639008,0.5465877293370245,0.9615383837391062
2023-03-08,0.4504693023344589,215546.15779637938,308.91515701456217,309.290009,311.829987,305.75,311.790009,311.790009,3479500,0.8837200952036756,0.4336331843668284,0.951385125819774
2023-03-09,0.43020362528402206,205860.7874626534,308.93034131974923,312.079987,312.51001,294.880005,297.779999,297.779999,7443400,0.8892825698272868,0.5365280757564548,0.9768013784461153
2023-03-10,0.4229421403978054,202390.38301111484,304.3257883339262,297.899994,298.790009,289.0,292.76001,292.76001,5759300,0.8940343213621803,0.5019876562668087,0.970037160906726
2023-03-13,0.42402702597517666,202908.87486742542,299.08893368434536,287.339996,299.23999,285.329987,293.51001,293.51001,6292400,0.8869084997785299,0.5738096608112144,0.9766604226231556
2023-03-14,0.4260955295705851,203897.44625634802,295.6286427416454,295.970001,297.450012,290.309998,294.940002,294.940002,5956700,0.8892742304590389,0.5570683967240156,0.9725546372763664
2023-03-15,0.4388971895091651,210015.61597735411,294.0022738581204,292.51001,306.309998,292.279999,303.790009,303.790009,9215300,0.8752564580489937,0.4498768105707515,0.9900162616880884
2023-03-16,0.447966817024334,214350.16402733835,296.3789987727325,304.75,316.600006,301.709991,310.059998,310.059998,7903700,0.8696311859239352,0.5324310949997123,0.9595304018307114
2023-03-17,0.43847768740062126,209815.1299907753,300.8712867938824,310.059998,310.76001,300.0,303.5,303.5,6918800,0.8880294230466281,0.5844820925090215,0.9540042026911776
2023-03-20,0.44083551262134535,210941.97347103828,302.21935229278563,299.790009,307.5,296.0,305.130005,305.130005,5113400,0.8923702116551275,0.5568070659991945,0.980153374890217
2023-03-21,0.44179021771548854,211398.2514321104,303.56243190043347,306.320007,307.920013,300.429993,305.790009,305.790009,4886300,0.891374271873823,0.5222778449086062,0.953926783747808
2023-03-22,0.4245911433311841,203178.4826565665,304.6045243785329,306.309998,306.450012,293.540009,293.899994,293.899994,5808000,0.8977653870170621,0.5283387997007883,0.9748509818409118
2023-03-23,0.4628803730883891,221477.6431023465,301.0713611326492,304.679993,322.779999,304.140015,320.369995,320.369995,15653300,0.8849034755566356,0.5288094005080023,0.9713278902071196
2023-03-24,0.4744814451260282,227022.0149791274,307.287572562508,320.630005,331.829987,320.630005,328.390015,328.390015,12991700,0.8843982430874747,0.5098761684236425,0.9713615921580052
2023-03-27,0.473425473919065,226517.35318057242,315.13035890445605,327.549988,336.440002,324.410004,327.660004,327.660004,8625800,0.8874290075567028,0.4580624124901701,0.9721069421920816
2023-03-28,0.4674368838342639,223655.28610987836,320.71581388478904,326.059998,333.320007,321.279999,323.519989,323.519989,6489400,0.886676844958399,0.5493367326614349,0.9607887239466186
2023-03-29,0.47974673331731116,229538.40182147056,322.9100593000233,326.290009,332.850006,325.730011,332.029999,332.029999,6287300,0.8843780378800569,0.5565980578317984,0.9624720612073084
2023-03-30,0.4890044148984617,233962.82388220448,326.7607331663102,340.269989,343.290009,335.299988,338.429993,338.429993,7131500,0.8952789625704933,0.5189922703646163,0.971328747796963
2023-03-31,0.49920236536300566,238836.63023979458,331.41061243627354,340.049988,345.839996,337.200012,345.480011,345.480011,5610200,0.8771498720127882,0.5461320312692659,0.97585179526356
2023-04-03,0.5032525874936892,240772.29708748084,336.90811382251786,341.829987,348.579987,340.399994,348.279999,348.279999,4413700,0.8984473974443157,0.4763258338607898,0.980237507402822
2023-04-04,0.5010394223623659,239714.60389599594,341.5274802621122,348.48999,349.799988,343.950012,346.75,346.75,3298100,0.8826934428303856,0.4932920810704342,0.9681022941540456
2023-04-05,0.494674768987539,236672.80304691044,343.8672436522934,345.299988,345.429993,336.25,342.350006,342.350006,4205500,0.8816496073013363,0.4481950525451302,0.966131361825627
2023-04-06,0.4903062689122226,234585.00556391245,343.4487584325394,339.339996,340.480011,332.630005,339.329987,339.329987,4660500,0.8791776025878283,0.6208229040796364,0.9675994450810628
2023-04-10,0.48981445845668986,234349.96579760645,341.5309003362791,335.269989,339.880005,333.359985,338.98999,338.98999,2657900,0.8970351413850192,0.5992630526838479,0.9782731611162984
2023-04-11,0.48868617890273786,233810.73597621638,339.66331320970176,343.450012,347.140015,337.640015,338.209991,338.209991,4044800,0.8931151751013549,0.5687036078025203,0.9735596707818932
2023-04-12,0.47830021921414945,228847.0840940924,337.9360315353952,340.809998,342.799988,330.040009,331.029999,331.029999,3965400,0.880804479755513,0.538628311673366,0.955662980595256
2023-04-13,0.5002293773576235,239327.4477374861,334.21571194172475,339.98999,346.429993,338.75,346.190002,346.190002,7406400,0.8728249182655976,0.5872851470987153,0.9619661117081136
2023-04-14,0.4892937350772632,234101.09597354484,336.7553024363956,342.940002,344.850006,336.410004,338.630005,338.630005,5350500,0.890485249151404,0.5652849390944094,0.9385269760077944
2023-04-17,0.48074483094152104,230015.41774762218,336.4555720810893,338.0,338.390015,327.5,332.720001,332.720001,6136000,0.8868697807067524,0.5204643535301225,0.9729081801818872
2023-04-18,0.48216243067427467,230692.90541724474,334.1667183491403,335.0,337.190002,330.5,333.700012,333.700012,17944500,0.8814374156656171,0.5242616293885067,0.975884682707991
2023-04-19,0.46685828687208386,223378.7704134134,332.7290716304906,324.209991,325.75,316.100006,323.119995,323.119995,22128300,0.8814253468422356,0.5313932523927346,0.9546083029848806
2023-04-20,0.4700840292337896,224920.4159245896,328.0942942542885,320.390015,331.429993,318.329987,325.350006,325.350006,9947800,0.8783018427242735,0.4961571025786458,0.9615065324375364
2023-04-21,0.47388836855767547,226738.5771322307,325.44569404626014,323.0,328.290009,319.5,327.980011,327.980011,6348000,0.8807536760289476,0.5236204614764947,0.9661898567906696
2023-04-24,0.4753927114016534,227457.52648890432,324.7166207658626,330.200012,334.660004,326.75,329.019989,329.019989,5586600,0.8793312049094598,0.5390481412658279,0.980771818531334
2023-04-25,0.4660337637076829,222984.7063475797,324.92223727300836,328.5,328.660004,321.100006,322.549988,322.549988,5426600,0.8804368226024742,0.5914417783915453,0.982446855683731
2023-04-26,0.4640086526423411,222016.87292373658,323.0982045849186,321.359985,325.899994,320.470001,321.149994,321.149994,4623200,0.8774740951571924,0.5688106335232177,0.982248790425261
2023-04-27,0.4708072862853705,225266.0676667247,321.3049525643315,324.299988,327.450012,317.440002,325.850006,325.850006,5618800,0.8752567170044886,0.5505123907422566,0.967273662980494
2023-04-28,0.476709045021587,228086.63032104404,321.7316995295128,325.23999,330.809998,324.0,329.929993,329.929993,4221900,0.8724512466359033,0.552030654280496,0.9512778244701188
2023-05-01,0.46830480097524557,224070.08814079157,323.7230068089369,329.440002,331.230011,318.089996,324.119995,324.119995,5341500,0.8884910929131457,0.5319431497784683,0.9788648725887116
2023-05-02,0.45880119319187423,219528.11771068888,323.36657739274233,325.0,326.070007,315.619995,317.549988,317.549988,4318600,0.8838924463021174,0.5273907480018304,0.9637017285546696
2023-05-03,0.4613325928724073,220737.92729437765,320.7108691992465,317.549988,324.619995,315.850006,319.299988,319.299988,5064100,0.8861181628043685,0.5776742044996835,0.971484151555359
2023-05-04,0.46347344965674175,221761.08094924322,319.2152048368971,319.01001,323.609985,317.950012,320.779999,320.779999,3879700,0.8825874727667885,0.6169658783589389,0.9630073545950094
2023-05-05,0.4663375634926572,223129.9005893518,318.74226626760543,323.609985,324.149994,319.440002,322.76001,322.76001,3988600,0.8781075361950406,0.5801829794579665,0.9498074809607316
2023-05-08,0.47856058018060577,228971.51188456925,319.2705647121176,322.98999,332.559998,322.029999,331.209991,331.209991,5488600,0.8955530218832825,0.5686684440352661,0.960091814503579
2023-05-09,0.4799058730128847,229614.46001757248,322.7621101880179,330.670013,336.320007,329.73999,332.140015,332.140015,5544900,0.8776145536163186,0.5114506013004201,0.9626447245564892
2023-05-10,0.48465043637822686,231881.977035854,325.8619335546635,335.209991,337.109985,329.51001,335.420013,335.420013,4289900,0.8904549164115912,0.5686077066190997,0.9676953153056096
2023-05-11,0.49816087376221513,238338.87634856344,329.2000701616052,334.980011,345.470001,331.839996,344.76001,344.76001,8033500,0.8880536503726228,0.5215075666033719,0.972723604826546
2023-05-12,0.491116357312388,234972.16172242232,334.7000644934772,344.76001,348.170013,337.359985,339.890015,339.890015,6079900,0.8894437703329661,0.4975763456093462,0.9603422012574054
2023-05-15,0.4853303008997411,232206.90505601757,336.9064243882908,340.619995,341.899994,335.540009,335.890015,335.890015,3653000,0.8944000948251953,0.5300311735258578,0.9828339230429014
2023-05-16,0.48223473902126346,230727.47344007983,336.63930835470916,334.0,335.170013,331.910004,333.75,333.75,3332200,0.8744453702010095,0.5137113455137932,0.9756216521696398
2023-05-17,0.49121757858327086,235020.54555990512,335.21076809860034,331.76001,341.380005,329.619995,339.959991,339.959991,3958800,0.8815802698593856,0.552225765518578,0.9685578126461908
2023-05-18,0.5365368914725815,256679.51272450242,336.0250341903253,347.25,375.869995,346.369995,371.290009,371.290009,20925200,0.8791921510842532,0.5367266659343304,0.9761363636363636
2023-05-19,0.527959028124494,252580.00444082415,347.4439201309519,369.859985,369.98999,363.809998,365.359985,365.359985,7850900,0.8752542501999454,0.5749851353165698,0.9599834071344368
2023-05-22,0.5245597561449166,250955.4070693301,354.2136479015901,365.359985,372.01001,362.5,363.01001,363.01001,5406400,0.8898979433722594,0.7061651674114993,0.9837962962962964
2023-05-23,0.5144051982104392,246102.35291992733,357.80876393675106,360.23999,364.170013,354.309998,355.98999,355.98999,6866100,0.8907187005512363,0.5678884477434452,0.9756953347578348
2023-05-24,0.5272213363086777,252227.43054825725,357.24300949925384,356.929993,367.149994,356.630005,364.850006,364.850006,7973300,0.8738451072132404,0.579933636381073,0.9730265858356224
2023-05-25,0.518759220126097,248183.2140093857,359.1401205190917,359.609985,367.450012,357.420013,359.0,359.0,6263100,0.8811807441788907,0.5789320944568283,0.9896135265700482
2023-05-26,0.5475159277295226,261926.61669663098,358.2657352923115,361.100006,383.76001,356.0,378.880005,378.880005,9360400,0.8958901427455539,0.5330546361550798,0.9664905173076
2023-05-30,0.5679117852631875,271674.2009255954,364.13400568282384,397.480011,405.109985,385.790009,392.980011,392.980011,10865000,0.8747974770399037,0.5072645146441107,0.974581043956044
2023-05-31,0.5711664419953014,273229.66225141933,373.35300102555505,391.890015,396.26001,388.910004,395.230011,395.230011,6988000,0.8736040356452993,0.5780984364619787,0.9703246063205956
2023-06-01,0.5825938947311945,278691.06802477443,380.72218950680576,397.410004,407.519989,393.079987,403.130005,403.130005,7160100,0.8811529106421998,0.5630710116296168,0.9802963339139138
2023-06-02,0.5787461614307279,276852.1403658381,388.1525684716459,402.890015,406.579987,395.899994,400.470001,400.470001,5897300,0.874193573999153,0.60119784747709,0.9745169082125604
2023-06-05,0.5831869712995472,278974.50587167114,391.9640557050078,400.470001,413.859985,400.149994,403.540009,403.540009,7247400,0.8767597478053814,0.5355831750963806,0.9593591301486036
2023-06-06,0.5770392863611099,276036.40909109096,394.9381192360203,405.0,405.119995,396.929993,399.290009,399.290009,4991500,0.8866738844124568,0.5481388608756484,0.9513291564228504
2023-06-07,0.5777335842003455,276368.21653236257,395.0197889588987,410.429993,418.950012,399.230011,399.769989,399.769989,11932400,0.8973221006408697,0.5310733534451815,0.9592234554640572
2023-06-08,0.5916201282697826,283004.87810967927,394.69232715884107,399.769989,409.540009,396.339996,409.369995,409.369995,5991100,0.8949847277483889,0.5218449195663074,0.9923969587835134
2023-06-09,0.6070254947893704,290367.3969509934,397.41882676702164,424.5,425.899994,414.76001,420.019989,420.019989,12363000,0.8869096213271018,0.551785124817914,0.9800582973957588
2023-06-12,0.6127392428550285,293098.1140807788,402.9447188894229,418.829987,424.700012,416.570007,423.970001,423.970001,5959500,0.8943049356975311,0.5409008452427461,0.9780619311436488
2023-06-13,0.6297502631733514,301227.9946024652,408.1750836392291,430.01001,437.269989,428.399994,435.730011,435.730011,7820500,0.8915513771039072,0.5633368300380212,0.9732564818597208
2023-06-14,0.6371708429132044,304774.44300699775,415.5392038177987,434.98999,447.329987,433.5,440.859985,440.859985,8413100,0.8891693760866343,0.603834826776308,0.9461250964065488
2023-06-15,0.643549975894204,307823.1517634071,422.1601789650308,444.100006,448.649994,439.5,445.269989,445.269989,7099900,0.8780335836976665,0.5547602607416176,0.9709254535147392
2023-06-16,0.6242968760741496,298621.73374937236,427.80371339763275,446.149994,447.51001,430.899994,431.959991,431.959991,8745500,0.8833092814073803,0.6188953684731948,0.9583342516728572
2023-06-20,0.6282603550936089,300515.9531531154,426.7921955584716,430.179993,440.0,430.0,434.700012,434.700012,4756000,0.8970316052669274,0.5825524236969085,0.9643177517500272
2023-06-21,0.6134335855362012,293429.95000826626,426.2496811430245,432.649994,434.549988,422.540009,424.450012,424.450012,5146400,0.8725322961477527,0.5025701517156722,0.9748808789249964
2023-06-22,0.6105839513064585,292068.05251858936,422.13483745162506,422.929993,424.709991,418.679993,422.480011,422.480011,4869500,0.8802357667761536,0.575111550512897,0.9845924098784512
2023-06-23,0.6128115512020174,293132.667860506,418.3282949038058,418.589996,425.820007,417.730011,424.019989,424.019989,8293900,0.8823467888707096,0.6180332585304102,0.9740889054186268
2023-06-26,0.6011237360531538,287546.83429667406,416.2145654514899,422.440002,430.959991,414.899994,415.940002,415.940002,4640000,0.881545667927368,0.5272386213245871,0.9809606709080392
2023-06-27,0.6027727404330467,288334.90545590996,412.2337227382945,417.390015,420.880005,411.5,417.079987,417.079987,4818100,0.8740358397990284,0.6148389271123607,0.9737925080259175
2023-06-28,0.6212302734080173,297156.11794808233,409.9232772128095,423.100006,437.290009,422.890015,429.839996,429.839996,8811300,0.8803472855762743,0.649725037606964,0.9746697794362754
2023-06-29,0.6189158421638739,296050.0266760068,412.86688972202234,434.329987,437.850006,426.149994,428.23999,428.23999,4932300,0.8722369517174496,0.5014757499754605,0.9618034334946098
2023-06-30,0.636635639927605,304518.66527561226,414.8329791051792,431.100006,444.119995,431.100006,440.48999,440.48999,7342000,0.8735340410696211,0.5679706487578057,0.9648506771129504
2023-07-03,0.6380098456837779,305175.41498015536,420.35759385048203,439.76001,441.549988,431.619995,441.440002,441.440002,3733200,0.8840635116790957,0.4724225081552891,0.9450754813455042
2023-07-05,0.6444612870117664,308258.6775162919,424.62366250805877,444.910004,450.970001,439.619995,445.899994,445.899994,6869500,0.8835929649431891,0.5739196731687669,0.9890350877192984
2023-07-06,0.6342489003364727,303377.9917375937,428.8639775951012,440.0,442.799988,430.720001,438.839996,438.839996,4938800,0.8808915342320541,0.6059156644992999,0.9785150851327322
2023-07-07,0.6331784943652742,302866.40778860694,429.20108153196685,438.600006,442.329987,435.839996,438.100006,438.100006,4160100,0.9022425782358104,0.5448673686633293,0.9632531901649548
2023-07-10,0.6384003885799764,305362.05666587065,428.7448518792378,438.519989,444.410004,436.820007,441.709991,441.709991,4251700,0.8993752678634601,0.651785543033601,0.9808029878618114
2023-07-11,0.6362306174252339,304325.07295324944,429.37707113156995,438.649994,440.799988,431.040009,440.209991,440.209991,4574600,0.8980699141775786,0.5144112078343046,0.9742475100087884
2023-07-12,0.6417852272418325,306979.731886933,429.2672167010989,444.549988,445.410004,437.75,444.049988,444.049988,5731700,0.8948289436084442,0.4964063211085479,0.9611214636756432
2023-07-13,0.650941686105586,311355.78435329197,430.38908343928534,447.0,451.670013,441.179993,450.380005,450.380005,6157500,0.8797611340960391,0.5609205417594854,0.9626899702751096
2023-07-14,0.6386897102052922,305500.32875721104,433.2797878131925,452.790009,456.480011,439.700012,441.910004,441.910004,7184900,0.8739608947774333,0.5897862211198633,0.9712443351269886
2023-07-17,0.6504643118608029,311127.6382512019,432.5063977886196,445.570007,456.679993,445.109985,450.049988,450.049988,6891700,0.8785410992137778,0.6175929028611271,0.9657522952421423
2023-07-18,0.6862655359140556,328237.7413214805,434.42534783627053,451.0,478.149994,448.779999,474.799988,474.799988,13196900,0.8971537697483138,0.5564216946647648,0.9805497028488718
2023-07-19,0.6903013218339896,330166.5145049508,443.9158476210024,476.859985,485.0,470.0,477.589996,477.589996,20996500,0.8892898697078562,0.6069673081584009,0.9803712763922446
2023-07-20,0.6321948749007229,302396.32825599494,451.60359746833404,447.0,448.5,432.0,437.420013,437.420013,23989700,0.8881779465227267,0.5637646968563592,0.9749025750651138
2023-07-21,0.6178454361926753,295538.44272702,443.3950486162298,437.369995,438.23999,423.190002,427.5,427.5,17303700,0.8803579327139173,0.5422636515334599,0.9669504114163556
2023-07-24,0.6191038962298554,296139.9006867564,433.32037544035455,425.0,428.640015,419.190002,428.369995,428.369995,8264400,0.892741693373347,0.5549952907471509,0.9716206471193152
2023-07-25,0.6181347563714769,295676.7148183604,426.33596590574257,427.179993,430.880005,426.130005,427.700012,427.700012,4859800,0.8846256415904852,0.5926720535731411,0.9787672476397966
2023-07-26,0.6108587918790874,292199.402459498,421.64790954281915,424.200012,425.26001,415.589996,422.670013,422.670013,6009200,0.8934631395964382,0.4821236887166635,0.9596307245810822
2023-07-27,0.597116907899051,285631.8769278515,417.211620085439,426.899994,427.519989,411.880005,413.170013,413.170013,6594500,0.8843929242562459,0.5588220974031436,0.9532931593690108
2023-07-28,0.6153574304887229,294349.3995946265,411.306058524793,415.559998,427.470001,413.76001,425.779999,425.779999,6424200,0.8917781926970727,0.611913228609241,0.9658833943833944
2023-07-31,0.6344369544024544,303467.86574834335,411.72198899035,426.51001,439.130005,426.299988,438.970001,438.970001,6587600,0.8917397892292717,0.6022716374865521,0.982292294908394
2023-08-01,0.6339306657872631,303225.9038316056,417.075064353038,437.369995,445.25,431.399994,438.619995,438.619995,5711500,0.8857054856389919,0.5415115122520612,0.9600633640770748
2023-08-02,0.6210277845778003,297059.3502731167,421.1980255698698,435.230011,435.559998,426.559998,429.700012,429.700012,4912200,0.8734669510949115,0.4706653033944593,0.979002848331342
2023-08-03,0.6229082355537413,297958.06189439754,421.06798034009984,427.799988,441.929993,427.190002,431.0,431.0,6243900,0.8871489989588323,0.4359156325322388,0.9765328353563648
2023-08-04,0.623776152694723,298372.84968220285,421.06093416320164,433.059998,436.5,426.269989,431.600006,431.600006,5439700,0.897735748065912,0.5195134932965073,0.9624676122673836
2023-08-07,0.6370262276657408,304705.3354475433,421.1154905270215,436.459991,441.109985,428.910004,440.76001,440.76001,4781300,0.8933131027114811,0.5767247827838194,0.981265172735761
2023-08-08,0.6334677711486526,303004.67987994733,424.16916349526963,440.359985,443.570007,435.100006,438.299988,438.299988,3767200,0.8923565114752908,0.5930697009801101,0.9618555702195408
2023-08-09,0.619870547258017,296506.290393971,425.5819425662114,439.73999,440.619995,427.589996,428.899994,428.899994,3846600,0.886409275474876,0.6450484087862532,0.989699193517563
2023-08-10,0.6214328070801715,297252.91410926374,423.2868667716213,431.119995,438.119995,428.690002,429.980011,429.980011,5467600,0.8786144948511876,0.5021769568636477,0.9675251325090076
2023-08-11,0.6093977996162672,291501.17682479596,421.7660051158612,428.980011,430.630005,421.329987,421.660004,421.660004,3925200,0.8781174595383102,0.5527894914223241,0.9597802423018036
2023-08-14,0.6182504586950464,295732.0065631671,417.8967886787896,421.98999,428.850006,418.779999,427.779999,427.779999,3966000,0.8828536528616185,0.5977373222324025,0.985096153846154
2023-08-15,0.6123486999588299,292911.44390884775,417.2121145539933,424.410004,429.119995,421.040009,423.700012,423.700012,3368000,0.8849712499385854,0.5668773752668108,0.94715215715916
2023-08-16,0.6004149586077457,287208.07621875487,415.61976098643,423.730011,424.51001,415.25,415.450012,415.450012,3967000,0.8722729894665799,0.5374831693423097,0.9535869687587952
2023-08-17,0.582405840665213,278601.1940140248,411.8304836322968,415.0,415.23999,401.579987,403.0,403.0,6031500,0.8724614487455035,0.560794157699906,0.97518454078956
2023-08-18,0.5846190057965363,279658.8872055097,404.9528793054046,399.329987,406.519989,398.149994,404.529999,404.529999,4309200,0.8833521029088017,0.549590501946794,0.958232910275394
2023-08-21,0.5900579132895654,282258.2543943865,400.6493546548428,402.230011,409.609985,399.5,408.290009,408.290009,3861600,0.8929266497284962,0.5253601089437443,0.9777275132275132
2023-08-22,0.597116907899051,285631.8769278515,399.291090742008,409.0,415.73999,407.399994,413.170013,413.170013,3603300,0.8794487316855075,0.540366863127091,0.9818035547552356
2023-08-23,0.6179177445396641,295572.9965067472,400.4844081862848,418.399994,437.019989,417.709991,427.549988,427.549988,8174700,0.8876303459715287,0.5526896569645605,0.9782236297940882
2023-08-24,0.5880906309650399,281318.06684294675,406.5797632603403,425.410004,427.589996,406.170013,406.929993,406.929993,5687800,0.8846974699057997,0.4665362410572146,0.98214719104425
2023-08-25,0.6012539179828961,287609.0481919125,404.2715016376366,412.0,419.25,407.559998,416.029999,416.029999,5390900,0.8870400825358831,0.5679640404409649,0.9506148813852328
2023-08-28,0.6041903401658003,289012.4216117483,405.284090825332,418.040009,419.829987,413.269989,418.059998,418.059998,2928600,0.889062439403957,0.4931359989824379,0.973547113479856
2023-08-29,0.6214472418444069,297259.8362596955,406.71096225007017,416.0,432.170013,414.5,429.98999,429.98999,4486700,0.8948359488268629,0.4624629067922698,0.9676168658257184
2023-08-30,0.6282169611170282,300495.2151880359,411.74630036093436,430.850006,438.160004,428.350006,434.670013,434.670013,3625400,0.902249596723932,0.5831324736325024,0.9595381735904612
2023-08-31,0.626784883224616,299810.77688176587,416.9531778544133,431.230011,437.149994,431.230011,433.679993,433.679993,3803000,0.8868012693772084,0.5392781106918859,0.9724737710076056
2023-09-01,0.6357532880223878,304096.9553373752,420.1297674641075,437.730011,445.5,435.929993,439.880005,439.880005,4792100,0.8888173005469678,0.6245969023083832,0.9600182357165128
2023-09-05,0.648482594772042,310180.55703554617,424.0564658706116,438.390015,453.450012,438.0,448.679993,448.679993,6155900,0.8966003346911784,0.5319026114201604,0.97822734821836
2023-09-06,0.6442587981815494,308161.90984132624,429.4570926259341,448.609985,451.390015,440.48999,445.76001,445.76001,3862300,0.8790408646596327,0.4967591041249919,0.975129096953228
2023-09-07,0.6404689384638362,306350.67078411684,432.0403199705183,441.149994,444.600006,436.700012,443.140015,443.140015,2922700,0.8834644137046465,0.5838047561506909,0.9752382023434656
2023-09-08,0.6399770846128804,306115.6025315951,432.5433593130504,443.559998,446.809998,438.850006,442.799988,442.799988,2697500,0.8797284599596887,0.5865015714834462,0.9459023310843532
2023-09-11,0.6436801563774321,307885.3656586455,432.39052732407174,443.070007,449.890015,442.75,445.359985,445.359985,2913800,0.8874185640764662,0.565959463939785,0.9809811463946804
2023-09-12,0.6282458754874363,300509.0310026837,432.909430866053,442.850006,445.440002,434.119995,434.690002,434.690002,3124000,0.8777348942589229,0.5501412487430095,0.9704309231564872
2023-09-13,0.5957716165132863,284988.9430379562,429.6411173395439,435.5,438.399994,410.690002,412.23999,412.23999,11843000,0.8922618005995937,0.5259796305886415,0.9608711874864788
2023-09-14,0.578775075801136,276865.9561804858,419.59421681413284,410.399994,411.390015,400.0,400.48999,400.48999,10709000,0.8925269918286505,0.5236182483722618,0.9729242979242978
2023-09-15,0.573639968093081,274411.81171959685,408.2874928238972,401.0,404.700012,395.029999,396.940002,396.940002,9110700,0.8918472468383098,0.5194901173830485,0.9682253432982388
2023-09-18,0.5699658106989375,272655.8644071942,399.32096488382774,395.5,399.470001,392.600006,394.399994,394.399994,4704700,0.888357902643946,0.5525922089878589,0.9747983646900056
2023-09-19,0.5725695621218825,273900.22777061013,392.7598204316609,392.839996,398.230011,390.25,396.200012,396.200012,4076800,0.882213501618839,0.642071465561885,0.9746924893163652
2023-09-20,0.5582490377842428,267056.1865424987,389.48627377961924,397.049988,397.98999,386.119995,386.299988,386.299988,3866600,0.8879119302687173,0.5727874839870261,0.9686980256721172
2023-09-21,0.5551390411415298,265569.861262345,384.52473510047815,386.5,395.899994,383.420013,384.149994,384.149994,5547900,0.8816672555425046,0.5821352535490288,0.9760008225698308
2023-09-22,0.5488611757198644,262569.52210031054,380.6759566969826,385.0,386.880005,378.359985,379.809998,379.809998,3692800,0.8818308500856201,0.4775159675470395,0.95999142635293
2023-09-25,0.5560792666295002,266019.2028298775,376.90101893092293,382.899994,386.619995,380.809998,384.799988,384.799988,3757300,0.8802306017698799,0.5108975711426946,0.9549226601858182
2023-09-26,0.5480511307151219,262182.3944280165,376.3270233508547,382.880005,384.559998,377.359985,379.25,379.25,4089400,0.8866600924546236,0.5565584079307538,0.9664495509325448
2023-09-27,0.545649911517817,261034.79873956615,374.5244794420188,382.399994,384.220001,376.25,377.589996,377.589996,3843500,0.8872048664096328,0.5256099751180021,0.9676962095453132
2023-09-28,0.543870683259273,260184.48519887606,372.89784272136023,375.600006,378.959991,371.100006,376.359985,376.359985,4369900,0.8768048811896272,0.4986116079187881,0.9774291623745838
2023-09-29,0.5456643911239898,261041.72088999793,371.51806942641514,380.0,382.579987,375.350006,377.600006,377.600006,4198700,0.8906804098079556,0.5718953376008371,0.9690460732825324
2023-10-02,0.5496133471418533,262929.0181433092,371.1555415647181,377.480011,384.809998,376.799988,380.329987,380.329987,3102100,0.887210300425999,0.5383150670936422,0.9746714449226768
2023-10-03,0.5444348454572177,260454.10723112503,372.0508180879157,377.109985,394.899994,372.850006,376.75,376.75,8878100,0.8934642218108759,0.5127010517836106,0.9745100524007368
2023-10-04,0.5446518138936073,260557.7970565224,371.65446033596476,376.5,380.220001,373.579987,376.899994,376.899994,4303700,0.8898220075089719,0.5446898526068018,0.9730036959160808
2023-10-05,0.5384173410020084,257578.22434578324,371.4242440182446,378.01001,378.600006,367.23999,372.589996,372.589996,5034800,0.8876998830293478,0.5019300113163396,0.978482817836191
2023-10-06,0.5513202670534085,263744.77790427214,369.8082383715027,368.429993,382.519989,367.769989,381.51001,381.51001,4773400,0.8790679838940573,0.5186373185559395,0.9725521740120382
2023-10-09,0.5577427925644748,266814.224625761,371.68384000923027,378.049988,387.170013,377.76001,385.950012,385.950012,3299800,0.891789035469869,0.5673462224523851,0.976515899128748
2023-10-10,0.5394733122089717,258082.88614433823,374.77319712481074,385.579987,388.700012,372.25,373.320007,373.320007,7288900,0.8876862425452837,0.5491743489326779,0.9742189391970402
2023-10-11,0.5287835527354091,252974.05426355,372.7486780408256,372.779999,377.809998,365.339996,365.929993,365.929993,9151400,0.8858207637302052,0.5389576180703404,0.9625370012302416
2023-10-12,0.5219415685112221,249704.1215554824,368.416433008404,366.480011,368.829987,359.049988,361.200012,361.200012,7376100,0.8902613884564466,0.5190933262366457,0.9692843061485812
2023-10-13,0.5139567831780014,245888.0511187008,363.4821313054599,355.640015,358.929993,352.049988,355.679993,355.679993,6312600,0.8853738623019917,0.5277114808727175,0.9775322854707698
2023-10-16,0.5213918859194501,249441.42167366514,358.09658584104227,356.209991,363.079987,354.769989,360.820007,360.820007,5128900,0.8846191863876347,0.5219470836841555,0.9762186611738012
2023-10-17,0.5140146553142407,245915.71123421204,356.2313680429541,361.100006,362.700012,353.890015,355.720001,355.720001,5908400,0.8833131674224974,0.4943391199273486,0.9681366339441956
2023-10-18,0.5002293773576235,239327.4477374861,353.6385809729876,351.0,354.790009,344.730011,346.190002,346.190002,11429600,0.8841933496242255,0.5123994298130876,0.9755301735396936
2023-10-19,0.5806266124066689,277750.8519871189,348.7651401079302,404.73999,408.950012,392.26001,401.769989,401.769989,28074400,0.8842785392549303,0.5256414321295583,0.9732226320550896
2023-10-20,0.5794549388761361,277190.89844375727,364.5225755550452,405.630005,410.640015,398.01001,400.959991,400.959991,12768900,0.8924209925435119,0.5346813282768693,0.9752458484305606
2023-10-23,0.5879604490352975,281255.82446149254,376.86549960644203,403.320007,407.540009,398.519989,406.839996,406.839996,7390000,0.8812918241253046,0.5058237437927092,0.9617130001428226
2023-10-24,0.5979269529037934,286019.03308636136,387.49982877431205,409.679993,416.690002,408.390015,413.730011,413.730011,6459200,0.8907599881681142,0.5397502733183728,0.9794436077338554
2023-10-25,0.5943395820162972,284304.5617041177,396.66109491333356,416.019989,418.839996,410.109985,411.25,411.25,6299600,0.8924062361754191,0.5196803758861415,0.9685747251780789
2023-10-26,0.5831869712995472,278974.50587167114,401.45686300965957,411.420013,417.309998,401.540009,403.540009,403.540009,6849700,0.882635785588838,0.5149953487926041,0.9693119796918044
2023-10-27,0.5749852160834228,275054.71712327644,401.24259330281427,406.420013,410.209991,395.619995,397.869995,397.869995,4997600,0.877287855685223,0.5059625819287764,0.9667221628368736
2023-10-30,0.5926471417109147,283495.6956073707,398.2436415212374,402.350006,412.820007,399.410004,410.079987,410.079987,5317100,0.8840497054047985,0.5320356420208535,0.96972971774599
2023-10-31,0.5949760511147165,284608.7375160938,399.69964538496396,409.23999,412.519989,404.630005,411.690002,411.690002,3877600,0.8841189729816198,0.5184909469282851,0.972830303909468
2023-11-01,0.6072714209915913,290484.93107725424,401.32010124869424,414.769989,420.600006,414.179993,420.190002,420.190002,4806100,0.8785271396788835,0.4985474031387845,0.9719188527044564
2023-11-02,0.6138096488262271,293609.66954354977,405.2939389907043,421.170013,426.690002,417.100006,424.709991,424.709991,4476000,0.8925984966390261,0.5454254844898725,0.98275682959542
2023-11-03,0.6248754730363296,298898.24944583734,409.61077308651824,428.76001,434.820007,425.529999,432.359985,432.359985,3664800,0.8845856824098632,0.5486335305632991,0.9673454453750788
2023-11-06,0.6283181838344251,300543.5847824109,415.053058817537,434.380005,435.029999,429.609985,434.73999,434.73999,3003200,0.8880429538697763,0.5585302358994746,0.9694116182934028
2023-11-07,0.6281301297684435,300453.7107716612,419.4563424989205,436.179993,437.640015,431.0,434.609985,434.609985,3291100,0.883910007065234,0.5044751530128618,0.9765747183039836
2023-11-08,0.6310810315575204,301864.00634192873,422.1309641146167,435.0,438.070007,433.679993,436.649994,436.649994,2356800,0.8833872770575433,0.5158242824145022,0.9744525124531668
2023-11-09,0.6289112604027778,300827.0226293076,424.2552834351363,438.029999,440.380005,434.350006,435.149994,435.149994,2735500,0.8894863260126421,0.5284787956551426,0.9648438852598106
2023-11-10,0.6463996101239466,309185.04925308394,424.90695178393594,437.480011,447.480011,435.51001,447.23999,447.23999,4440600,0.8844034229988655,0.552730189261964,0.9706297102422776
2023-11-13,0.6426097504062335,307373.81019587454,429.08488142171615,447.25,448.429993,442.600006,444.619995,444.619995,2896100,0.8897092766046059,0.5198461505264975,0.978391354371992
2023-11-14,0.6484392007954611,310159.81907046674,431.09646191186476,448.779999,454.079987,445.640015,448.649994,448.649994,4060900,0.8758370229551058,0.54561496197954,0.971460148585054
2023-11-15,0.6676633847985933,319347.4212698537,433.56732127749376,452.809998,462.75,452.450012,461.940002,461.940002,5035300,0.8783784386326354,0.5442050511153308,0.9661570899547876
2023-11-16,0.6749104349205746,322810.9178140684,439.47341851240685,463.0,467.279999,459.649994,466.950012,466.950012,3656000,0.8875645313385946,0.5281080436573824,0.977749908206405
2023-11-17,0.6734060486811736,322091.9542142869,445.154079292291,466.950012,467.649994,462.76001,465.910004,465.910004,2798500,0.8881967729125383,0.5465341213444594,0.9693824220651484
2023-11-20,0.6857882050646956,328009.62370560627,448.4779793254413,465.399994,476.76001,465.399994,474.470001,474.470001,3617600,0.8773083798702652,0.5821178584858888,0.9736682645017292
2023-11-21,0.6864825477458684,328341.4596330937,453.1312168610024,472.630005,477.019989,471.209991,474.950012,474.950012,2997700,0.887477822609577,0.5805324635600739,0.9791404385935278
2023-11-22,0.6908943984023423,330449.98083806323,456.2120855997347,476.799988,482.700012,476.559998,478.0,478.0,2841600,0.8795209128201332,0.5085232903289179,0.9736554299582224
2023-11-24,0.6931509575102465,331528.4119946276,458.96862417258643,477.109985,480.399994,475.200012,479.559998,479.559998,1404700,0.879669914448922,0.5513375713317171,0.969858213153016
2023-11-27,0.692586838707725,331258.8184485944,461.07370042520273,479.029999,482.0,475.350006,479.170013,479.170013,3625900,0.0,0.5098106910639277,0.0
2023-11-28,0.6923409125055041,331141.2843223335,462.13330533126555,478.109985,480.5,475.950012,479.0,479.0,2890200,0.0,0.5098106910639277,0.0
2023-11-29,0.6897227248718096,329889.9988084858,462.5711984417742,479.0,480.98999,474.48999,477.190002,477.190002,2855500,0.0,0.5098106910639277,0.0
2023-11-30,0.6850649480131148,327663.97196347115,462.114144674788,475.309998,478.589996,470.420013,473.970001,473.970001,4287300,0.0,0.5098106910639277,0.0
2023-12-01,0.6731601210324386,321974.420088026,460.627030497856,473.170013,475.230011,464.600006,465.73999,465.73999,4338100,0.0,0.5098106910639277,0.0
2023-12-04,0.6560333998370602,313789.2193353172,456.83672300090154,460.98999,461.200012,451.200012,453.899994,453.899994,5157700,0.0,0.5098106910639277,0.0
2023-12-05,0.6578415424660123,314653.3771768708,450.26441180055104,450.700012,456.390015,449.579987,455.149994,455.149994,3380700,0.0,0.5098106910639277,0.0
2023-12-06,0.6456619183081304,308832.47536051704,446.14524150930185,460.0,460.5,445.730011,446.730011,446.730011,4178800,0.0,0.5098106910639277,0.0
2023-12-07,0.6532850317201375,312475.7199262311,440.82970455102463,450.850006,452.890015,448.320007,452.0,452.0,3506700,0.0,0.5098106910639277,0.0
2023-12-08,0.6558309110068432,313692.45166035154,439.15390941493024,450.76001,455.5,450.76001,453.76001,453.76001,3456100,0.0,0.5098106910639277,0.0
2023-12-11,0.6646980496917951,317930.2320353702,439.0119969398581,459.359985,470.649994,457.209991,459.890015,459.890015,4929700,0.0,0.5098106910639277,0.0
2023-12-12,0.6691966868549165,320080.2006842829,441.2599746046551,465.230011,465.609985,459.200012,463.0,463.0,3302700,0.0,0.5098106910639277,0.0
2023-12-13,0.6937585122382577,331818.77199195605,444.07444840978076,461.980011,481.25,461.980011,479.980011,479.980011,5820200,0.0,0.5098106910639277,0.0
2023-12-14,0.6790763593748278,324801.9048927771,451.61876117066464,480.359985,480.76001,464.76001,469.829987,469.829987,5176400,0.0,0.5098106910639277,0.0
2023-12-15,0.6823021017365336,326343.55040395324,453.59663538769803,467.299988,473.0,467.299988,472.059998,472.059998,7838300,0.0,0.5098106910639277,0.0
